Id,Price
1,402336.42820100003
2,807195.773239
3,952784.1824889999
4,631198.717186
5,749127.197783
6,256169.25784699997
7,764206.9952550002
8,325423.37319099996
9,475420.148665
10,293041.90903000004
11,477107.28391000006
12,462968.47784899996
13,1108335.796655
14,353578.25208299997
15,609171.1981439999
16,598508.225395
17,960169.934207
18,773951.985199
19,815009.312287
20,686706.628193
21,759777.722955
22,385449.22335100005
23,419640.814547
24,661406.822232
25,378622.94249499997
26,315665.32640300004
27,716137.388331
28,509719.47066099994
29,421446.595256
30,242616.436302
31,424863.150444
32,218516.44095500003
33,933282.8626469999
34,642952.973269
35,663425.150176
36,705509.634989
37,330981.692301
38,577566.18665
39,606786.057064
40,537908.8415260001
41,430198.772924
42,256466.839756
43,307599.666971
44,210363.998591
45,146428.090545
46,678742.922855
47,818831.864738
48,435031.896375
49,449005.26668999996
50,482939.45705
51,518963.16911099997
52,476236.50428500003
53,449891.72596099996
54,644337.3645189999
55,405933.12182199996
56,133194.069657
57,840585.201447
58,273283.124078
59,230870.559812
60,805061.0591439998
61,457830.148805
62,785164.624605
63,362008.081472
64,565224.423724
65,725712.604665
66,980655.059825
67,758377.014253
68,727789.497038
69,292212.562293
70,492903.64534700004
71,249448.633734
72,374264.883615
73,696692.368082
74,766707.658857
75,549465.884613
76,429518.363933
77,815618.4330930002
78,811177.694771
79,506099.458601
80,318262.081717
81,683799.467056
82,706633.29829
83,175602.365805
84,1028073.6109389999
85,241068.111843
86,594825.0592850001
87,791901.975108
88,653730.0514819999
89,828805.2959189998
90,489296.047761
91,380288.623442
92,407361.40738600004
93,488988.297709
94,1914309.2979869999
95,319956.048403
96,964141.839
97,824786.84146
98,486772.366775
99,452410.758255
100,245513.46886
101,308606.917514
102,494064.802554
103,364982.810804
104,744794.036671
105,629334.435049
106,294181.045162
107,193172.028069
108,321897.75543099997
109,255495.29033400002
110,243126.685924
111,417113.434145
112,1101917.543628
113,308065.955216
114,504436.071018
115,852953.983327
116,407955.649178
117,600820.061139
118,498250.805384
119,294089.990183
120,859757.3964600002
121,352534.470533
122,759725.767767
123,1479141.0993360004
124,1177452.754437
125,1157639.310963
126,308507.367286
127,681246.818503
128,620371.429233
129,742776.631335
130,465848.92965299997
131,976817.4069540001
132,471094.86395
133,497519.367773
134,444888.26758199994
135,271617.968729
136,652154.4495989999
137,711164.172975
138,474816.62018800003
139,271851.114467
140,420571.712098
141,686619.7699770001
142,800720.4683279998
143,357868.351495
144,739173.893668
145,218102.830401
146,333235.566452
147,249125.509457
148,290622.20654600003
149,486475.655625
150,502945.7999850001
151,1330019.951616
152,1195140.807835
153,520962.751441
154,599494.0021640001
155,358761.314912
156,367940.164519
157,428475.729566
158,398221.392235
159,507846.530892
160,726271.7639949998
161,527148.2649399999
162,413612.306637
163,524389.760279
164,716464.312023
165,277054.16388
166,774222.791267
167,1177923.0500069999
168,768843.30122
169,389012.066061
170,650368.468182
171,643959.303403
172,300824.54775100003
173,601602.16435
174,348722.734542
175,625978.94623
176,220566.33979600001
177,559106.099885
178,397563.444855
179,419158.326122
180,594608.91313
181,397468.403337
182,754406.37372
183,404163.642421
184,851826.5759020002
185,203755.326364
186,303027.603198
187,1071631.309047
188,390678.288153
189,1732851.573388
190,633895.8482680001
191,619699.031883
192,446558.080093
193,661605.910069
194,586958.166853
195,598615.864053
196,463476.425279
197,1158527.866888
198,544251.2038850001
199,382392.509346
200,926996.3229299999
201,956044.036766
202,472263.772312
203,303908.472977
204,396305.939991
205,301277.409774
206,377122.411485
207,1361113.260763
208,715320.022693
209,529109.346357
210,558123.326855
211,320957.856703
212,755591.759385
213,326317.339379
214,404361.838407
215,540839.434335
216,367537.22076399997
217,468975.865311
218,386140.399054
219,509862.687819
220,662042.495823
221,741326.542079
222,457387.378521
223,392417.083691
224,292155.092195
225,355547.430206
226,804281.075797
227,336945.567443
228,384429.73353200004
229,625479.333283
230,275297.71084200003
231,523731.056683
232,451403.787367
233,239905.08110500002
234,782371.948807
235,570468.681204
236,434603.0112050001
237,361902.92792600003
238,451989.05068999995
239,267187.282603
240,631522.680125
241,378097.864388
242,459026.87735
243,239160.582108
244,1000068.489699
245,437427.150793
246,613025.056042
247,279032.093087
248,386841.949892
249,401914.327747
250,583526.50024
251,620440.001509
252,813396.198418
253,837841.100949
254,477095.6120260001
255,238655.759542
256,311660.91055100004
257,225421.520964
258,956375.793042
259,405928.22365
260,168687.489756
261,413023.782204
262,385123.174346
263,345477.654906
264,351274.78554
265,427766.175475
266,477627.344759
267,392267.023083
268,459524.415235
269,1273176.846133
270,576400.338261
271,327749.73803400004
272,239526.300913
273,349975.395331
274,744818.853305
275,480065.529782
276,518688.662317
277,724669.87069
278,362746.82546799997
279,786540.512132
280,601704.696535
281,324443.769248
282,457436.968738
283,470324.24218100007
284,477090.490313
285,1172971.778352
286,418544.949029
287,446378.48603699997
288,286912.782548
289,902554.678584
290,465762.79263000004
291,637649.277738
292,537951.4298970001
293,650484.186468
294,1104190.5744780002
295,339794.56453800004
296,424275.823457
297,564865.425861
298,465973.791437
299,1366319.603076
300,562878.313813
301,635292.183615
302,821971.149367
303,438466.244699
304,691965.841565
305,933226.2633079999
306,185885.81961600002
307,385432.896619
308,1142261.507403
309,488878.585194
310,989516.075383
311,562181.1323180001
312,1120302.9567530002
313,275637.959945
314,691044.360789
315,203731.815869
316,468573.449077
317,580086.74308
318,448800.852067
319,747117.754129
320,507512.726804
321,1375098.522871
322,372618.437783
323,282298.224646
324,450957.033164
325,517631.34312700003
326,413398.643979
327,648638.495867
328,308879.029721
329,387869.44558299996
330,482259.3939180001
331,643689.3680939999
332,235082.553401
333,561690.070933
334,881897.2976149998
335,631169.369636
336,906974.8186120001
337,465320.722141
338,918608.1842110001
339,329215.007844
340,927839.252418
341,363621.938324
342,256186.89071799998
343,152783.589575
344,425560.193072
345,443995.59452
346,501816.841303
347,321733.62434000004
348,244624.423859
349,505173.983512
350,978663.712539
351,536052.410151
352,502664.419566
353,297127.407007
354,378225.654131
355,239613.376819
356,790453.661475
357,332997.22925900004
358,557896.868647
359,1128643.12638
360,164840.997282
361,305224.32193000003
362,372599.43189099996
363,532511.3163300001
364,361200.987431
365,286166.835799
366,346666.161198
367,482410.677911
368,713935.0171310002
369,439556.78120699996
370,477605.7934720001
371,513807.576067
372,289298.652773
373,849530.004687
374,193634.61882
375,396576.746059
376,723612.333811
377,729670.3158229998
378,462563.641394
379,236604.90426399998
380,453026.7778010001
381,379526.709264
382,758155.778176
383,517071.411644
384,456978.98928999994
385,899392.7616879998
386,243777.043281
387,730249.490908
388,378257.663611
389,515427.005559
390,589008.824529
391,534439.9619720001
392,555466.825749
393,374593.72525
394,220120.07577800003
395,494109.71931099996
396,755970.4766060001
397,309613.732678
398,237832.45685
399,401709.064158
400,556521.548737
401,825390.495179
402,939244.053819
403,466482.974262
404,695512.558988
405,428371.161272
406,374882.251789
407,795274.01228
408,555378.862936
409,1041521.164701
410,497224.65963
411,453061.79567799997
412,248020.51620900002
413,484754.68601899996
414,687128.2105149999
415,267518.17104600003
416,1076186.949404
417,390817.063916
418,285605.413894
419,301499.520655
420,343310.123765
421,121115.242676
422,606033.938925
423,264956.701256
424,805029.522075
425,1463049.333689
426,429333.456107
427,567039.328655
428,728219.652014
429,314808.50988
430,430929.82148999994
431,334796.619758
432,538338.0881
433,1033391.382858
434,289057.474915
435,345633.474052
436,311331.65462800005
437,1400001.9897440001
438,429420.532013
439,722446.908485
440,220778.587317
441,431020.512445
442,254685.27852
443,1112821.739343
444,259225.318783
445,588379.727355
446,267758.790902
447,477955.56834799994
448,343029.825025
449,511568.363333
450,347199.501123
451,316648.152199
452,299062.8448
453,326536.892673
454,149734.059332
455,629458.262076
456,343387.40363200003
457,660714.805945
458,402923.07648499997
459,840215.999605
460,424213.346495
461,472615.921992
462,265065.546139
463,929090.771579
464,585706.497038
465,779218.243466
466,384388.506803
467,263862.810186
468,787528.652702
469,1160484.958038
470,435118.790924
471,624281.071827
472,331419.731995
473,212631.58719700002
474,203445.118448
475,664882.173133
476,471238.53919499996
477,358158.226662
478,326332.44565
479,425156.058027
480,241797.80793600003
481,285133.76585
482,459229.372938
483,424372.6954030001
484,174202.27091300001
485,768376.262916
486,187232.75187
487,565631.621613
488,613441.9286270001
489,661832.431357
490,534576.4534550001
491,672562.011017
492,250647.292928
493,267250.194945
494,192846.58187
495,427773.359237
496,697529.241414
497,321964.28675100004
498,752250.920893
499,2036889.439687
500,955051.2442719999
501,832962.833661
502,278443.242272
503,740062.3783529998
504,529899.124825
505,615387.15834
506,452485.12632200005
507,529832.455948
508,884110.292425
509,305207.342129
510,929038.136907
511,570765.827733
512,516223.754641
513,378127.267441
514,818048.9702880002
515,622518.619155
516,713197.745084
517,756505.740716
518,191417.09886
519,383059.075407
520,228098.36633000002
521,435915.321007
522,720557.430756
523,860840.8983809998
524,429652.58930299996
525,593094.1155140001
526,681710.889377
527,637062.930984
528,371086.084603
529,247831.64000900002
530,736525.363519
531,505248.278302
532,463778.42294899997
533,303644.329615
534,489507.55299700005
535,638656.041107
536,534001.350196
537,395900.81933800003
538,1112021.905268
539,476773.550565
540,228131.019794
541,322535.36875300005
542,266862.489473
543,430485.118329
544,611780.260549
545,375696.411511
546,484353.266092
547,538616.333262
548,623210.0180939999
549,218549.925836
550,591979.009932
551,680384.653387
552,155263.20801300002
553,473858.02022799995
554,160250.309179
555,484688.949867
556,201223.89776199998
557,181483.954216
558,274666.84590300004
559,348298.834437
560,870857.853584
561,845930.619966
562,619932.334042
563,672535.6705550001
564,1045135.5894909999
565,753010.9152060002
566,354637.916515
567,810593.5011189998
568,744360.834039
569,443904.74522299995
570,664778.3351149999
571,423542.816602
572,1220767.075387
573,540205.957118
574,525525.60543
575,563873.941122
576,237137.45910700003
577,281899.489662
578,569086.612684
579,601522.925276
580,644233.28914
581,647309.680902
582,892977.542384
583,691646.554261
584,470951.18870500004
585,927789.900423
586,713505.776102
587,578366.426543
588,849322.264065
589,685808.416203
590,787767.292258
591,1455099.482181
592,569751.44575
593,294406.905607
594,493338.600196
595,629967.870304
596,443729.940341
597,329225.674642
598,562802.0367180001
599,513915.161451
600,576745.121512
601,462839.01894700003
602,269961.332452
603,706946.064595
604,565514.233503
605,342209.424965
606,374735.311197
607,379909.190182
608,424897.763116
609,612908.542368
610,487456.13032700005
611,298506.890498
612,791157.8878649998
613,754898.5494949998
614,419435.880573
615,269785.759652
616,655762.752832
617,767192.675589
618,686587.7695810001
619,1169739.164942
620,774759.396538
621,488318.399487
622,663379.896063
623,388027.019873
624,459722.37425
625,816402.1634590002
626,800089.6665810002
627,550903.760229
628,158276.819445
629,159910.060076
630,784617.390483
631,560675.814447
632,487011.98255
633,560508.6287069999
634,647751.400685
635,244898.27758400002
636,847666.274449
637,321199.958203
638,471187.3821
639,520302.76895600004
640,550660.818451
641,683210.654802
642,503534.625568
643,346519.220607
644,262597.247569
645,316383.627344
646,531420.790521
647,1006308.5851850001
648,625101.590886
649,342098.33051999996
650,416362.839835
651,322448.292847
652,709027.198228
653,149211.60389600002
654,677544.1516529999
655,421148.360278
656,477667.61736599996
657,455761.85533100006
658,558473.664782
659,277765.838057
660,275891.91822399996
661,284959.00730399997
662,452342.621358
663,407736.922231
664,566434.842516
665,405910.155399
666,814869.950967
667,1145061.459827
668,326476.773965
669,336435.084944
670,2041128.717775
671,591406.730789
672,501387.5205310001
673,504392.53306499997
674,446467.2311020001
675,764297.257991
676,520292.143032
677,650752.359167
678,306873.19666
679,214630.982013
680,573924.830295
681,647186.57426
682,278177.660758
683,518545.765689
684,383773.916018
685,950861.450191
686,1042884.315218
687,591560.9599060001
688,708573.750447
689,812654.159429
690,675589.897831
691,670385.6194869999
692,434407.672131
693,339473.73069899995
694,548287.650309
695,1149507.220126
696,330211.288222
697,614898.087954
698,259681.378841
699,742598.246345
700,717508.497467
701,696726.763065
702,475529.989854
703,821057.096901
704,527148.2649399999
705,490131.01648500003
706,677730.797459
707,550305.0738100001
708,570302.148533
709,640157.740699
710,595040.0008319999
711,355576.599325
712,541352.275395
713,403157.118616
714,438614.728901
715,275267.887344
716,650734.94368
717,684129.26705
718,423609.506877
719,255115.341254
720,454755.454455
721,269785.759652
722,851693.132076
723,239073.506202
724,520094.41714300006
725,478890.82314799994
726,547724.507862
727,308360.4927
728,405896.601515
729,562898.255594
730,342617.52061
731,699029.538728
732,588380.421995
733,1000688.7918840001
734,429878.551279
735,505371.60363500006
736,245473.413944
737,665536.423325
738,338666.319359
739,433505.830159
740,297577.355201
741,487603.60136499995
742,727820.191295
743,467744.592217
744,531013.828435
745,1122630.228496
746,693944.555853
747,338361.335998
748,697048.7054409999
749,264891.394327
750,643854.33283
751,647402.179575
752,444989.336595
753,295368.325141
754,676536.178691
755,604373.269384
756,1584307.8774020001
757,1037846.014859
758,377443.721578
759,621945.656461
760,571070.290037
761,614148.50327
762,411016.24718899996
763,489669.514183
764,325762.969225
765,502507.207686
766,871047.111668
767,783074.235467
768,379244.543986
769,525448.860857
770,313889.641381
771,439107.33974799997
772,600281.658235
773,612647.182943
774,157222.54791199998
775,875738.183797
776,876290.215998
777,304527.95023099997
778,642719.210488
779,621065.938406
780,489938.68449799996
781,366074.616114
782,431841.94684399996
783,226505.61599499997
784,382069.428868
785,336321.668576
786,191347.220445
787,542770.284124
788,463080.065099
789,981900.026757
790,550892.658051
791,346829.428522
792,872718.3208430002
793,820737.961086
794,346898.218488
795,612878.71887
796,382978.84164
797,533858.29492
798,441294.948305
799,271078.676593
800,777587.75398
801,931082.2108690001
802,724525.542376
803,1154370.66626
804,797230.225699
805,423209.456364
806,791225.807072
807,174272.499029
808,254702.98526599997
809,328325.877165
810,417148.845217
811,425817.543554
812,440990.32796400005
813,411234.893391
814,1180530.3825969999
815,896374.9801309998
816,340661.57807
817,531182.755693
818,393300.907675
819,1010852.917683
820,389408.91450300004
821,504590.41306099994
822,579601.380581
823,383664.418067
824,362067.633401
825,569988.675272
826,704218.222401
827,1790540.519684
828,485645.00113100006
829,480127.208345
830,360456.453411
831,568291.43385
832,828771.26365
833,409226.81561399996
834,454979.15162799996
835,226474.514327
836,248295.37270500002
837,783690.42982
838,842537.054217
839,226118.12821300002
840,471912.785466
841,1122219.173102
842,660645.443042
843,365135.387966
844,715055.472204
845,928418.9738879999
846,432674.25525600003
847,224138.67517800003
848,174891.608722
849,462701.3936
850,847093.969227
851,414137.91842199996
852,506984.91480100004
853,956198.8991690001
854,397087.881628
855,397425.1135550001
856,200910.859879
857,340107.64329499996
858,174071.657054
859,198788.034967
860,1080931.329101
861,333908.584521
862,666507.141553
863,366416.451012
864,173766.891382
865,733338.673177
866,711017.892919
867,683751.839332
868,250904.81991999998
869,368147.553738
870,352000.05871
871,439069.245349
872,232194.548964
873,393614.727101
874,517065.656643
875,199738.033102
876,468246.04367
877,506326.138846
878,1014170.033059
879,396692.992393
880,493958.86969300004
881,607844.2671
882,714880.229937
883,265152.62204499997
884,290230.364968
885,179009.124953
886,234241.218791
887,397341.707894
888,729400.217238
889,567676.657166
890,705220.542981
891,827589.1553430002
892,540004.376396
893,557482.607954
894,634886.772079
895,536697.53685
896,364723.44853600004
897,413088.508729
898,728437.341779
899,420770.233156
900,784854.0144100002
901,269306.842169
902,1271156.7954209999
903,464517.32136000006
904,768675.792025
905,253731.218154
906,550383.046311
907,479965.46969700005
908,566793.999282
909,614217.946305
910,297849.46740799997
911,245459.04641900002
912,236649.180964
913,500024.50224799995
914,479835.50406000006
915,537811.485469
916,554143.0646800001
917,459754.612925
918,378741.970761
919,682880.922012
920,414196.826671
921,366438.105139
922,412549.032617
923,695019.535163
924,262410.90513
925,397398.479506
926,424790.830716
927,564772.1290930001
928,185569.034672
929,539362.571158
930,212413.897432
931,1176249.35895
932,828088.190809
933,901083.326473
934,284201.835966
935,280042.740989
936,1117448.010487
937,337566.41865300003
938,255889.96187800003
939,446500.53763599996
940,462983.782641
941,223218.67888800002
942,545296.896302
943,843478.648129
944,544124.533294
945,700877.3999310001
946,243311.187183
947,1139781.625357
948,637215.966889
949,941945.852402
950,300345.630268
951,443015.0744010001
952,250151.23128
953,716450.379878
954,278950.594056
955,474190.326734
956,832774.880099
957,713626.258456
958,550066.573733
959,963906.2593309999
960,225852.5467
961,648784.848588
962,619885.1102979999
963,702529.61086
964,919020.257618
965,788301.599659
966,888061.229651
967,586541.726332
968,689856.295728
969,253787.046343
970,994643.390461
971,275240.023054
972,821661.747509
973,308603.652168
974,402303.774737
975,420752.90719
976,617770.792141
977,598637.968495
978,514246.61898699997
979,377143.74508200004
980,515232.269903
981,270706.43961
982,263492.955275
983,299256.963752
984,603662.208933
985,447246.54391099996
986,375063.54194699996
987,838216.124299
988,882471.5907700001
989,197299.036973
990,229001.778855
991,474556.5114
992,305860.411424
993,842375.386924
994,314855.31318
995,705290.203706
996,732005.919316
997,105093.35464199999
998,369274.952482
999,454756.89037700003
1000,432875.545929
1001,406402.662096
1002,687444.3394640001
1003,538135.160059
1004,1271551.138966
1005,271320.254807
1006,223060.32575900003
1007,774920.922344
1008,711060.816671
1009,311109.175688
1010,480467.80715
1011,667259.042307
1012,774892.536997
1013,377840.382812
1014,413969.20885399997
1015,330010.795948
1016,220226.09069299998
1017,437519.42269499996
1018,501443.047971
1019,295146.499271
1020,196346.232582
1021,302790.332666
1022,284182.24388699996
1023,836598.734454
1024,536499.657159
1025,453101.27018999995
1026,438157.68908599997
1027,270003.449418
1028,606030.4558890001
1029,333303.70334899996
1030,337978.637391
1031,741411.005708
1032,457320.97244399996
1033,299735.010476
1034,564533.828741
1035,635711.077542
1036,295967.53938699997
1037,343237.547396
1038,493180.11134799995
1039,362718.740256
1040,223633.85069000002
1041,691489.100979
1042,403058.375368
1043,402160.970251
1044,1197120.2397780002
1045,780756.492537
1046,584210.8146340001
1047,985544.6289840001
1048,866039.112285
1049,443530.536516
1050,324315.332286
1051,595613.2548850001
1052,541016.820008
1053,774411.759523
1054,673302.373908
1055,661258.159599
1056,546580.612847
1057,841086.540976
1058,395261.946212
1059,384260.479587
1060,604314.964859
1061,661587.959594
1062,427882.20412
1063,528840.499497
1064,1096469.758341
1065,452698.719325
1066,363616.71377
1067,691437.726195
1068,841655.145639
1069,212370.359479
1070,462460.456446
1071,320724.928654
1072,599297.564549
1073,482645.625825
1074,349456.205241
1075,256420.036456
1076,571059.533716
1077,466376.82733400003
1078,325022.824023
1079,622899.810178
1080,1284955.153858
1081,681996.000021
1082,205011.396309
1083,391012.984705
1084,563176.528005
1085,869264.992635
1086,340850.968165
1087,578157.629434
1088,433641.886262
1089,771811.344685
1090,417624.206999
1091,1150357.2182200002
1092,770371.1205729998
1093,532473.8632970001
1094,195745.470796
1095,393822.838517
1096,291210.75399299996
1097,664019.033214
1098,1585047.6060030004
1099,523890.012701
1100,325926.775074
1101,198036.787587
1102,651024.035688
1103,323260.42150399997
1104,212187.24151199998
1105,422148.862439
1106,791156.5817270002
1107,458815.360105
1108,556775.559593
1109,333397.309948
1110,475090.323534
1111,529481.160476
1112,445466.12390699994
1113,650822.2586729999
1114,531796.640831
1115,565629.826768
1116,260978.642416
1117,628566.290926
1118,538965.350613
1119,641821.022517
1120,436110.83790200006
1121,506560.637449
1122,648102.071647
1123,733115.5411680002
1124,999801.155555
1125,600865.047329
1126,548015.799591
1127,476481.208145
1128,309074.95051
1129,531395.656284
1130,154661.078123
1131,311854.110064
1132,614739.833346
1133,419568.837752
1134,543095.435426
1135,303067.014435
1136,212764.160264
1137,1203422.414447
1138,515967.804277
1139,556598.135442
1140,878333.4984690001
1141,238091.72536100002
1142,339112.365688
1143,500502.0751270001
1144,278772.303519
1145,613891.847037
1146,606744.9096840001
1147,439761.580551
1148,443266.93076099997
1149,710877.693244
1150,275233.49236100004
1151,1170045.405403
1152,553601.503812
1153,606495.005848
1154,247541.598725
1155,584441.572946
1156,1950010.254948
1157,906242.996192
1158,368834.744212
1159,462730.17406499997
1160,159892.862585
1161,407614.36289299995
1162,437363.86372799997
1163,768280.387277
1164,407141.540723
1165,616373.737439
1166,582188.3200729999
1167,347175.55524899997
1168,609630.5235479999
1169,735230.487371
1170,264682.412152
1171,505393.905985
1172,397364.9085570001
1173,278999.004242
1174,181093.789456
1175,398986.0838030001
1176,287472.321321
1177,354190.193254
1178,168169.388115
1179,1461180.162886
1180,398154.343787
1181,484881.816842
1182,501400.001513
1183,476759.633355
1184,329012.338672
1185,319622.765373
1186,542167.117357
1187,706955.6624220002
1188,904163.940907
1189,332781.247912
1190,837357.818666
1191,407162.70951300004
1192,239324.28481100002
1193,248786.04543600001
1194,220925.52790900003
1195,523213.18985
1196,650486.995037
1197,212233.214927
1198,506593.290913
1199,800434.3549350002
1200,558443.951591
1201,962452.434409
1202,797633.797303
1203,380037.40037
1204,802173.628646
1205,705411.239215
1206,554060.135273
1207,640114.4204350001
1208,479633.66477299994
1209,473263.72716899996
1210,311470.97607800004
1211,303896.86306
1212,652881.8552550001
1213,226263.54497600003
1214,314963.105946
1215,271680.663381
1216,225670.55805599998
1217,1011869.2988819999
1218,892028.2293309999
1219,485527.48468500003
1220,358697.096431
1221,438910.89567399997
1222,818728.310612
1223,567155.037466
1224,377235.176093
1225,669522.4945029999
1226,647750.4832
1227,678730.593361
1228,153964.253184
1229,275280.94873
1230,705535.104692
1231,298250.016576
1232,556276.17228
1233,333875.149681
1234,836556.50264
1235,720867.213991
1236,380257.929186
1237,553006.0360140001
1238,449468.43552700005
1239,272641.110625
1240,640110.998361
1241,800835.400023
1242,617316.674435
1243,737495.287889
1244,623537.64119
1245,474865.818075
1246,1170799.4094729999
1247,415633.579121
1248,1082675.934444
1249,374499.360972
1250,366903.961237
1251,764744.051146
1252,579048.574125
1253,898799.0876790001
1254,413138.50471
1255,669235.16541
1256,526200.153653
1257,280888.901106
1258,275703.266875
1259,412843.53507800004
1260,256464.662858
1261,624859.721704
1262,441281.23385
1263,1375920.571919
1264,234450.949715
1265,303473.09344699996
1266,512963.59284700005
1267,938046.574771
1268,508558.97691599996
1269,1059772.743539
1270,471858.841792
1271,604702.401374
1272,669025.555104
1273,540296.6480729999
1274,576890.6024699999
1275,771756.016525
1276,411860.751466
1277,252729.845234
1278,577433.540221
1279,571040.396799
1280,342294.251309
1281,1153731.088353
1282,836260.879939
1283,737211.060645
1284,374877.897994
1285,648042.860031
1286,775010.0878529998
1287,1140831.00195
1288,325047.858346
1289,462700.350567
1290,371706.461482
1291,1012258.444733
1292,782706.853574
1293,397589.00346700003
1294,888859.4123430002
1295,395435.701987
1296,538134.2893
1297,490539.2331350001
1298,305211.739418
1299,1053902.7994549999
1300,618939.901337
1301,316911.742714
1302,723877.273259
1303,371730.65683600004
1304,336452.935504
1305,480033.16636599996
1306,665725.265029
1307,515650.669631
1308,532712.276693
1309,635143.2050770001
1310,506567.06661000004
1311,705726.018616
1312,239160.582108
1313,254967.233698
1314,760408.364354
1315,484511.526551
1316,305596.571429
1317,783794.71623
1318,466703.70521899994
1319,1439541.996071
1320,185057.68141400002
1321,479194.71460600005
1322,671727.0203890001
1323,283390.94159
1324,662053.28817
1325,404922.821145
1326,268577.02105599997
1327,582625.585142
1328,539822.886713
1329,334390.841494
1330,346679.22258400003
1331,307932.079242
1332,474534.058873
1333,548771.356967
1334,305374.224501
1335,406446.45730300003
1336,745516.9999279998
1337,428175.07072899997
1338,730337.905441
1339,295916.89880799997
1340,459095.646055
1341,277373.079386
1342,571550.184045
1343,574901.805716
1344,635939.523321
1345,698331.400659
1346,466611.93228
1347,675581.717762
1348,808506.226757
1349,416384.608811
1350,241270.52375999998
1351,530767.403621
1352,482390.44315600005
1353,281794.92590900004
1354,1035749.693597
1355,612917.0322680001
1356,509371.167037
1357,768541.523774
1358,925345.7083940001
1359,585131.8354
1360,534757.13596
1361,507686.25541499996
1362,683998.000122
1363,468574.605649
1364,446349.91741000005
1365,381159.351018
1366,739484.517486
1367,399021.316445
1368,537573.599287
1369,634623.461526
1370,492196.85956199997
1371,501685.818785
1372,317019.716838
1373,549044.1222430001
1374,754759.966792
1375,478625.733002
1376,247346.331006
1377,369020.473146
1378,263679.297714
1379,599188.723601
1380,507874.24743199995
1381,398349.09045
1382,582337.655557
1383,1014150.6019440001
1384,256031.46022600002
1385,411607.013105
1386,459515.852669
1387,876543.606884
1388,351256.06422
1389,662573.2068350001
1390,558184.601332
1391,605800.606897
1392,362022.802627
1393,186585.12481900002
1394,239334.73391999997
1395,804697.733003
1396,849240.7248590002
1397,463078.038686
1398,253313.25380500001
1399,680654.336288
1400,498232.625209
1401,420381.00385599997
1402,340100.459533
1403,293241.931515
1404,509054.42842799996
1405,283775.164026
1406,754963.319819
1407,489771.51853999996
1408,757335.8407439998
1409,545709.636097
1410,884580.015058
1411,293463.843063
1412,757148.77895
1413,310953.753064
1414,435085.519108
1415,214256.99099700002
1416,627958.900148
1417,678487.851413
1418,251772.84146199998
1419,671596.339219
1420,351243.583544
1421,623079.404235
1422,474063.41360100004
1423,562945.144571
1424,542334.914596
1425,441829.05614799995
1426,201395.219607
1427,643207.037008
1428,544749.135885
1429,38174.008364999994
1430,461179.482267
1431,731213.532499
1432,509241.18353999994
1433,215395.508469
1434,859270.668084
1435,589587.0857520001
1436,335923.56687800004
1437,939537.7890049999
1438,327832.46014499996
1439,439390.030847
1440,220834.09820799998
1441,309829.46323600004
1442,680304.161501
1443,489551.961709
1444,361696.12264899997
1445,900784.6606569999
1446,352579.314625
1447,603904.485326
1448,297849.46740799997
1449,457995.593027
1450,421058.50074
1451,354150.295983
1452,861689.888466
1453,427413.2688800001
1454,455510.209674
1455,245323.861075
1456,196520.49968699997
1457,914699.7225139999
1458,535562.463071
1459,109448.937799
1460,535299.4011649999
1461,522303.229513
1462,264708.534924
1463,480447.98506599996
1464,572358.731056
1465,373493.984809
1466,579127.315854
1467,715765.836092
1468,590350.558476
1469,619934.743564
1470,477834.948435
1471,310965.19707600004
1472,988239.4108930001
1473,276008.03254600003
1474,262163.391867
1475,695586.4183970001
1476,764009.565573
1477,308461.065372
1478,341646.406568
1479,1215317.367922
1480,862849.6967379998
1481,600262.486822
1482,532059.821515
1483,382977.138377
1484,529742.282175
1485,295759.645662
1486,874015.544568
1487,816822.014962
1488,557480.58809
1489,378247.997661
1490,253680.714129
1491,455467.629907
1492,399375.49769299995
1493,149113.643501
1494,572679.9893850001
1495,393351.50061
1496,443702.09260100004
1497,1190861.7671069999
1498,522982.8946020001
1499,473777.151559
1500,678665.207609
1501,547759.752628
1502,865339.022
1503,434904.72922
1504,1380920.329655
1505,1069122.9555600001
1506,305687.348061
1507,482583.751668
1508,938329.393119
1509,465286.150343
1510,618359.322733
1511,361773.438848
1512,494797.468495
1513,435303.55796199996
1514,698641.691325
1515,664718.2527399999
1516,445425.01556400006
1517,830908.073285
1518,497322.805923
1519,336295.816377
1520,707496.816469
1521,312575.751636
1522,370509.614956
1523,559762.761911
1524,593516.157235
1525,392044.834192
1526,471420.745528
1527,810362.5235
1528,581927.745424
1529,248292.628415
1530,521103.33533000003
1531,383243.687026
1532,446684.61117399996
1533,456331.900458
1534,452720.31310100004
1535,429350.094286
1536,248738.892434
1537,485007.206146
1538,451450.921591
1539,568456.878071
1540,281479.27575
1541,545655.4313449999
1542,587239.7033010001
1543,1528878.20401
1544,788831.384154
1545,699764.897849
1546,634501.461195
1547,514490.685546
1548,324940.101912
1549,606803.472245
1550,741216.826437
1551,358635.272538
1552,525021.512137
1553,608548.170036
1554,595523.5047350001
1555,887872.482232
1556,570566.859288
1557,806169.101359
1558,689406.766363
1559,168464.14005699998
1560,672476.866779
1561,928658.9213360001
1562,1204291.4515290002
1563,1271604.023343
1564,533304.815612
1565,443410.932693
1566,832159.885421
1567,496700.23105500004
1568,271890.080935
1569,809697.682016
1570,648053.7445189999
1571,623358.597668
1572,473777.151559
1573,939222.633265
1574,554998.792754
1575,985194.366152
1576,749526.440812
1577,369143.250174
1578,683599.727766
1579,429940.81055200007
1580,394661.467398
1581,197619.91168699999
1582,600977.922773
1583,717577.313373
1584,560051.740379
1585,213121.389169
1586,349191.231381
1587,850558.679659
1588,577529.769183
1589,617371.828768
1590,318137.032725
1591,800049.4427060002
1592,672237.965019
1593,369323.932679
1594,155227.071512
1595,830030.420512
1596,621751.496667
1597,504913.61000299995
1598,435129.675413
1599,363353.2624280001
1600,832286.68925
1601,363753.85832199996
1602,266460.77010799997
1603,585020.460295
1604,500058.962513
1605,636178.9246390001
1606,278209.878844
1607,229026.16010900002
1608,700074.745976
1609,293998.363884
1610,1239265.270177
1611,490969.485101
1612,546506.162948
1613,329251.05866700003
1614,209961.925594
1615,336474.704481
1616,678187.239707
1617,281662.135152
1618,355509.768567
1619,269295.957681
1620,405874.4542780001
1621,553668.671956
1622,544105.163224
1623,835282.232432
1624,1129022.327967
1625,551182.403434
1626,794186.199666
1627,532442.526364
1628,1308483.063427
1629,240466.72069899997
1630,699539.01177
1631,509298.871328
1632,836543.950937
1633,346458.53350300004
1634,265825.936489
1635,463660.52754399995
1636,674813.754605
1637,521127.13738900004
1638,444131.40660299995
1639,369002.401664
1640,622489.353047
1641,159319.624776
1642,731024.908982
1643,331079.652695
1644,987570.799641
1645,370514.47800500004
1646,500101.26699300006
1647,412544.79367
1648,173193.061161
1649,336493.42580100003
1650,429629.910224
1651,272158.27472600003
1652,218625.285837
1653,831664.9279380002
1654,763272.078983
1655,397650.427807
1656,731711.8957270002
1657,760199.480478
1658,372769.222915
1659,763744.201749
1660,463162.288249
1661,220642.531214
1662,414268.023233
1663,907603.354468
1664,185214.418045
1665,248421.065377
1666,496863.989568
1667,239334.73391999997
1668,311829.728811
1669,937672.9264639999
1670,594633.620766
1671,518963.16911099997
1672,267463.74860500003
1673,206333.122886
1674,362852.655794
1675,487195.120299
1676,691287.7379470001
1677,495457.495995
1678,778580.04035
1679,247563.367702
1680,508722.24423999997
1681,688333.992815
1682,716283.194139
1683,606749.049804
1684,511354.15044700005
1685,593140.0269630001
1686,498281.28195100004
1687,521797.087686
1688,378875.031785
1689,769608.157289
1690,223817.886142
1691,596276.638963
1692,390979.678171
1693,261848.39477600003
1694,564774.218391
1695,649469.730765
1696,909990.175798
1697,227035.86891999998
1698,346698.814663
1699,554160.148632
1700,829787.089689
1701,479802.415215
1702,545201.330495
1703,440447.264359
1704,187938.284399
1705,627440.429636
1706,788657.823054
1707,568083.757814
1708,550532.6455140001
1709,275275.288796
1710,515814.154645
1711,252476.23665799998
1712,441185.885733
1713,278808.961077
1714,836861.268311
1715,788726.530352
1716,532639.298435
1717,206761.971723
1718,359008.392796
1719,215476.05368200003
1720,526894.458762
1721,595150.426967
1722,379551.873677
1723,308681.367414
1724,1278012.110152
1725,330589.923388
1726,229023.547832
1727,798277.5343909998
1728,636899.6636600001
1729,416176.932775
1730,187434.114903
1731,656113.3423520001
1732,461960.134315
1733,408268.194256
1734,385581.79641799995
1735,529342.44236
1736,623009.30813
1737,601153.868764
1738,485597.798479
1739,738529.7496529998
1740,487047.790663
1741,1114651.7164639998
1742,668573.367127
1743,555421.2348310001
1744,463960.121238
1745,645606.344167
1746,521040.995824
1747,700001.127493
1748,316992.2188
1749,305869.772084
1750,608291.421661
1751,212371.521903
1752,515668.811757
1753,460727.72119899996
1754,866375.5776030001
1755,440495.805945
1756,629244.70014
1757,559343.09338
1758,573200.2289720001
1759,647100.7937939999
1760,245661.062521
1761,466376.82733400003
1762,404467.089946
1763,310419.86381799995
1764,592226.958575
1765,467670.79861800006
1766,237377.353229
1767,2107789.454296
1768,807310.775179
1769,768460.279157
1770,644322.597446
1771,358065.796112
1772,530172.398146
1773,474537.370554
1774,367429.987615
1775,219990.11498800002
1776,385125.95405
1777,583890.027825
1778,767350.3861189998
1779,427166.928434
1780,679676.178967
1781,374386.613993
1782,417026.793619
1783,688989.019704
1784,240742.447954
1785,344229.444194
1786,540883.6253569999
1787,406033.55855300004
1788,550779.3343529999
1789,404833.8972
1790,707628.562884
1791,261698.62421799998
1792,474534.711942
1793,371863.633492
1794,261132.63082800002
1795,909628.5930979999
1796,404925.05663400004
1797,378466.863475
1798,718461.094562
1799,356808.855408
1800,555096.993156
1801,508895.429038
1802,727721.5778310002
1803,327320.5067
1804,784454.6526029998
1805,383847.765426
1806,1297646.256472
1807,269949.02697600005
1808,669334.628236
1809,785336.817209
1810,858775.19548
1811,1121516.12783
1812,1093086.641087
1813,510887.591322
1814,823749.853096
1815,487619.61534099997
1816,282138.004979
1817,312323.402472
1818,845649.925717
1819,435144.73072399996
1820,403374.94039400003
1821,868161.9371969998
1822,706128.3093020002
1823,284480.478865
1824,429628.425739
1825,180079.855231
1826,244855.590608
1827,849059.592261
1828,1626113.432469
1829,455464.38211400004
1830,742951.860201
1831,595985.593208
1832,486743.73618199996
1833,1230392.506004
1834,517513.355275
1835,412825.11127399997
1836,493513.61206899997
1837,384145.347335
1838,427911.380705
1839,906939.1664440001
1840,357907.971033
1841,274748.84325100004
1842,459718.849838
1843,453786.32333100005
1844,382237.27807
1845,239578.54645700002
1846,984740.0307540001
1847,789542.145779
1848,906062.6056799999
1849,870402.460832
1850,423863.27571799996
1851,570373.768466
1852,568204.761838
1853,255835.539437
1854,201715.223562
1855,893655.280669
1856,612360.485216
1857,223941.70755500003
1858,644618.685702
1859,466099.38188100007
1860,484587.282589
1861,465765.55447299994
1862,392373.021448
1863,342061.24151100003
1864,539432.6570659999
1865,299139.905392
1866,350292.13394
1867,329013.894291
1868,389917.290045
1869,308333.71685900004
1870,733582.4857140002
1871,252868.71152199997
1872,238448.04979299998
1873,439400.47995600005
1874,511024.847798
1875,571266.514193
1876,330912.03157600004
1877,303409.710311
1878,475166.012567
1879,327331.77368499996
1880,503110.70013500005
1881,355131.859134
1882,249314.121241
1883,396613.10025
1884,470858.017485
1885,239683.037544
1886,477199.80206
1887,314524.42473699996
1888,385457.930942
1889,675052.2962529999
1890,423398.547021
1891,510274.992235
1892,741355.44486
1893,193534.481528
1894,543671.0571229999
1895,350779.253694
1896,934745.628173
1897,1441121.6465440001
1898,496456.935646
1899,800513.134611
1900,479730.26645200007
1901,576879.971086
1902,378533.24391799996
1903,483045.25396999996
1904,773100.923982
1905,654996.83456
1906,402739.15426700003
1907,767874.258309
1908,888781.1604909998
1909,287917.589338
1910,403653.88666
1911,388478.042891
1912,768780.065422
1913,604212.707007
1914,358806.210577
1915,311385.424
1916,727304.735031
1917,797168.918619
1918,358898.459464
1919,565165.044184
1920,513368.185979
1921,650251.237022
1922,514311.33027200005
1923,1499842.930588
1924,897558.2560180002
1925,448072.76154499996
1926,838610.54939
1927,530268.0233
1928,611754.811633
1929,847328.115899
1930,340713.823613
1931,741467.207615
1932,326508.77436
1933,281279.001166
1934,460922.999312
1935,308879.029721
1936,434802.10489300004
1937,410564.068601
1938,703064.247033
1939,496316.28211800003
1940,1165369.527325
1941,461319.02140699996
1942,299699.091665
1943,639330.301901
1944,781556.821337
1945,383397.230976
1946,241332.60490700003
1947,595201.8802680001
1948,585851.6497770001
1949,166053.311585
1950,661302.568312
1951,319326.232348
1952,465819.10615500004
1953,355841.745459
1954,204533.567275
1955,232758.365456
1956,438893.04511300003
1957,466118.118441
1958,458178.074083
1959,416915.554149
1960,152108.012556
1961,389627.03964699997
1962,646556.0852699999
1963,504682.759856
1964,584172.798751
1965,290789.088918
1966,587775.385849
1967,834288.885167
1968,394884.83364699996
1969,651032.9554229999
1970,1144460.630307
1971,656629.364084
1972,854989.5225130002
1973,582949.8189600001
1974,752318.460919
1975,206613.942683
1976,463516.21578
1977,467256.821812
1978,673743.050964
1979,744932.705052
1980,221212.053975
1981,664279.257157
1982,210030.06249100002
1983,478347.741154
1984,730968.915711
1985,265697.93490700005
1986,465212.62247
1987,572154.050912
1988,1135691.082569
1989,429498.13533500006
1990,896010.650828
1991,622657.3037800001
1992,464971.857589
1993,244076.71641
1994,332288.543836
1995,416047.189675
1996,190507.15564100002
1997,416980.565579
1998,989270.0255969999
1999,250712.599858
2000,615980.989076
2001,212588.049244
2002,593467.23123
2003,706250.21557
2004,690300.569054
2005,664223.226214
2006,490401.729101
2007,286477.479094
2008,449734.52346999996
2009,689158.9678979999
2010,361805.112862
2011,864358.7256440001
2012,615584.1886689999
2013,727570.283444
2014,291885.592265
2015,275097.847314
2016,468353.58241400006
2017,357928.43387
2018,1137487.854548
2019,590547.3500239999
2020,386814.678014
2021,366871.96084099996
2022,226738.48207800003
2023,762301.854256
2024,589710.011956
2025,559261.701732
2026,634569.0903520001
2027,504960.70335200004
2028,446617.944779
2029,515404.68019700004
2030,371785.918246
2031,793950.550342
2032,256183.823279
2033,203393.308284
2034,411644.49985100003
2035,378172.98229200003
2036,319010.621753
2037,551690.574405
2038,445456.281142
2039,469652.257587
2040,497693.128005
2041,448666.10210200003
2042,690694.72216
2043,319098.746543
2044,719082.388144
2045,540693.146813
2046,600914.264692
2047,434433.58459600003
2048,176916.123538
2049,392288.910141
2050,225120.891399
2051,450329.19933100004
2052,582348.97512
2053,488368.55149700004
2054,302645.872339
2055,517972.071409
2056,262228.333357
2057,488851.00066499994
2058,725586.3446020002
2059,785827.0545600002
2060,373031.829437
2061,413939.820736
2062,320343.971565
2063,757284.125954
2064,429147.97534299997
2065,446934.712559
2066,211763.222724
2067,747094.569403
2068,492533.480604
2069,428466.0727
2070,519726.106593
2071,458104.655599
2072,176441.55985
2073,295559.254306
2074,225658.585119
2075,498507.92496499995
2076,534901.556944
2077,737736.204453
2078,364498.489331
2079,470588.192484
2080,397376.755946
2081,946887.963142
2082,473639.10607299994
2083,160188.920665
2084,261742.162171
2085,620333.551214
2086,832281.6875390002
2087,989815.565538
2088,373360.032938
2089,942997.252825
2090,467919.509022
2091,339241.238029
2092,734010.556462
2093,135043.693915
2094,332015.71868499997
2095,148375.675197
2096,628187.910283
2097,316566.05136700004
2098,473381.53820600006
2099,690903.3441560001
2100,530116.193312
2101,407804.188369
2102,672066.177313
2103,1134028.561508
2104,666703.6443609999
2105,417076.862265
2106,400624.548988
2107,479412.097466
2108,344481.294702
2109,235876.602607
2110,722525.897519
2111,724114.35951
2112,270224.18684000004
2113,682867.969624
2114,467939.10110100004
2115,744408.405562
2116,854937.7123489998
2117,408508.850139
2118,539465.811916
2119,931972.4559379999
2120,245820.028933
2121,573424.0773270001
2122,499123.458951
2123,796486.620475
2124,250864.98269299997
2125,248319.40425599998
2126,415848.90609
2127,270640.896623
2128,413816.608329
2129,406249.75143299997
2130,799841.275567
2131,417801.94014699996
2132,300351.343084
2133,481013.79928599996
2134,424647.202197
2135,479607.40151800006
2136,292069.104737
2137,512421.54533199995
2138,305460.950705
2139,458135.785235
2140,554907.121346
2141,462420.44986999995
2142,198743.40856500002
2143,328235.186211
2144,533671.952481
2145,571852.555129
2146,708896.3273359998
2147,359152.068041
2148,499532.384902
2149,563299.326125
2150,361346.691233
2151,834520.1005640002
2152,329361.862758
2153,878598.045726
2154,714252.016617
2155,683880.0122689999
2156,470949.66487700003
2157,291100.992935
2158,842426.335804
2159,341779.15798200003
2160,275953.610105
2161,452629.0586
2162,582640.306297
2163,346868.39499
2164,553604.06028
2165,2045993.96525
2166,631740.743609
2167,402764.106841
2168,901256.937141
2169,187749.765063
2170,577531.991497
2171,302623.014914
2172,337785.269532
2173,304333.83877800003
2174,909790.9896629999
2175,370368.843552
2176,662593.97131
2177,466020.686878
2178,578223.03842
2179,440821.255376
2180,586952.652249
2181,1023607.1289309999
2182,190880.275899
2183,846628.984892
2184,761416.4450899998
2185,797047.313108
2186,618287.570788
2187,731938.9052779998
2188,69007.81838200001
2189,728288.0066
2190,361533.07301500003
2191,228470.615828
2192,354970.986398
2193,606894.466567
2194,465162.94986000005
2195,499221.939515
2196,697527.064922
2197,575846.100119
2198,572164.690462
2199,586662.449391
2200,481039.427066
2201,794164.968604
2202,441113.72758
2203,593088.574666
2204,837067.638209
2205,523606.10275799996
2206,207073.268088
2207,790327.909761
2208,583520.8905689999
2209,359517.00399299996
2210,633336.820951
2211,284291.088769
2212,436676.09254499996
2213,535783.239836
2214,626732.298147
2215,546142.6226550001
2216,498299.47575
2217,537095.537322
2218,318471.839584
2219,115106.02336099999
2220,540538.1517
2221,306418.414487
2222,278874.26800700004
2223,346437.586945
2224,486901.239116
2225,484237.578984
2226,374480.614172
2227,763891.57772
2228,324718.276041
2229,442655.02723199996
2230,255658.791898
2231,507334.650112
2232,815912.143797
2233,541775.914918
2234,926273.29155
2235,343899.286027
2236,550691.341353
2237,269981.680441
2238,373024.487333
2239,411377.69787699997
2240,380189.113586
2241,495207.403555
2242,555320.7591489999
2243,741267.1127729998
2244,501448.831838
2245,357197.213949
2246,380770.024729
2247,653082.404954
2248,537502.850113
2249,658453.7480319999
2250,302668.076695
2251,427499.578178
2252,503302.99578999996
2253,547692.368715
2254,755771.575978
2255,1071133.802256
2256,628148.574442
2257,1110607.026642
2258,283235.704463
2259,884542.6580959999
2260,408146.83205900004
2261,756051.987645
2262,521276.474183
2263,920910.682531
2264,438873.852387
2265,527868.989027
2266,604533.86277
2267,554571.685435
2268,606539.943697
2269,496031.761595
2270,418872.49945999996
2271,814373.7302270002
2272,461561.11028500006
2273,450906.914867
2274,626553.719875
2275,977734.6126209999
2276,384114.31145599997
2277,538752.4425560001
2278,131913.836148
2279,790997.232818
2280,350022.198631
2281,269012.960986
2282,568638.866715
2283,488135.75808
2284,319224.135848
2285,629373.778775
2286,414448.374508
2287,839973.493207
2288,1172144.888251
2289,294357.37387199997
2290,556911.515253
2291,485628.42037700006
2292,614456.7746850001
2293,785393.086934
2294,544490.791101
2295,282858.690114
2296,462807.73974399996
2297,733304.495884
2298,841211.4949020002
2299,305938.390695
2300,381779.541302
2301,397671.237621
2302,463608.17021499993
2303,282345.898705
2304,350076.62107199995
2305,395393.16680500004
2306,302858.03226
2307,516031.626721
2308,327346.273222
2309,317484.241163
2310,685941.448668
2311,347271.33874499996
2312,648218.753361
2313,181032.24795299998
2314,307654.835151
2315,746975.420131
2316,817578.051516
2317,617138.782555
2318,564880.973976
2319,216904.448244
2320,228768.78884000002
2321,414604.825632
2322,647428.5395140001
2323,138639.757481
2324,473184.60001800006
2325,242038.70482800002
2326,626970.24245
2327,182805.331091
2328,696536.219819
2329,503394.57798199996
2330,466980.15921300004
2331,599231.344069
2332,253323.049844
2333,617764.026903
2334,388750.616111
2335,245676.736184
2336,435245.917122
2337,373957.070287
2338,227581.291065
2339,302907.100057
2340,717103.449174
2341,420247.45264699997
2342,1163228.198782
2343,478254.955051
2344,356480.4426880001
2345,252851.316123
2346,1359448.969317
2347,675476.637187
2348,577750.385905
2349,243779.43786799998
2350,501064.92731400003
2351,250430.038542
2352,160067.014397
2353,401201.566039
2354,358394.63967
2355,418379.537908
2356,809940.214134
2357,760443.246819
2358,326484.610796
2359,635627.921667
2360,259191.57687
2361,629891.838929
2362,275951.868587
2363,294303.6045
2364,360136.593171
2365,541342.1983899999
2366,466268.635521
2367,736274.569363
2368,363605.393902
2369,483967.92285699997
2370,411633.91873000003
2371,451541.6982229999
2372,179466.708839
2373,168034.420461
2374,260834.49676799998
2375,451335.981395
2376,564287.033544
2377,231332.497494
2378,278547.733359
2379,619116.926915
2380,284193.128375
2381,825797.308088
2382,198757.5584
2383,496188.498226
2384,499024.382668
2385,813496.299683
2386,668348.4935989999
2387,552126.933386
2388,94116.03787300001
2389,231889.783293
2390,364764.80959200003
2391,862335.6419870001
2392,305300.07796900003
2393,681313.298448
2394,320849.88257899997
2395,1037379.371366
2396,571488.718325
2397,656049.815692
2398,367219.419646
2399,158281.39093
2400,501062.19049099996
2401,1017020.973511
2402,310479.457931
2403,299940.33826
2404,256543.03117399997
2405,387585.396772
2406,227065.296381
2407,958248.086207
2408,187510.306321
2409,744243.583929
2410,631502.652667
2411,267505.10966
2412,642731.401115
2413,660678.2804
2414,376042.320548
2415,554267.179637
2416,764568.0523560002
2417,439787.74904399994
2418,215211.79354699998
2419,716673.434986
2420,1276544.649206
2421,568109.176249
2422,1044370.411276
2423,634048.542856
2424,358780.874196
2425,398968.526829
2426,514015.58948900003
2427,592446.48952
2428,817858.85769
2429,215926.236116
2430,306248.43419400003
2431,670315.558405
2432,792663.522951
2433,484254.38952200004
2434,191395.329883
2435,446728.531179
2436,225535.80809099998
2437,455378.176967
2438,355536.979787
2439,895066.18992
2440,920962.7033930001
2441,414176.69183
2442,1121660.318755
2443,483917.08967700007
2444,368415.948668
2445,224033.39900900002
2446,188023.18340799998
2447,485284.798239
2448,836632.040988
2449,933858.4807209999
2450,973142.282913
2451,622672.689813
2452,200230.579363
2453,717116.72825
2454,640199.319749
2455,605558.870117
2456,317111.83725100005
2457,847266.7140680002
2458,556273.5600020001
2459,696910.002038
2460,603239.769084
2461,523135.89286499994
2462,605632.301308
2463,376416.384229
2464,852302.663418
2465,1345645.184458
2466,807869.2644979998
2467,350893.89657399995
2468,954886.7129940001
2469,256227.38101399998
2470,794702.226945
2471,266990.70874499995
2472,556595.866403
2473,490631.3204479999
2474,697073.6005909999
2475,1041785.025482
2476,1184714.799326
2477,503724.22548500006
2478,519495.11883500003
2479,393757.781068
2480,439546.681801
2481,251452.00631199998
2482,157414.114906
2483,327486.768798
2484,526957.568706
2485,573806.215006
2486,447677.355188
2487,386031.543473
2488,579212.151281
2489,483415.69767100003
2490,403450.782109
2491,148501.064502
2492,498873.18042299995
2493,477079.854999
2494,480459.99887700006
2495,459719.17491000006
2496,419156.206649
2497,435534.613093
2498,1012854.214282
2499,650313.278605
2500,503967.384953
2501,430052.267712
2502,325737.152048
2503,429087.15684099996
2504,566270.398837
2505,620234.284681
2506,454892.293411
2507,359034.515567
2508,447609.03370200004
2509,560060.245521
2510,579320.996163
2511,569150.351986
2512,584682.959105
2513,551268.172896
2514,797407.15429
2515,660957.132602
2516,373275.536515
2517,452008.715434
2518,404131.90059000003
2519,700550.6158029999
2520,276839.17207
2521,199497.703601
2522,862497.7741360002
2523,349445.97382199997
2524,361412.32917
2525,494386.516542
2526,375060.830061
2527,715252.637165
2528,519009.029292
2529,507019.30978400004
2530,537386.386089
2531,231759.169434
2532,560124.406271
2533,326910.794779
2534,599599.974896
2535,349503.226231
2536,351632.44589000003
2537,1256438.988164
2538,570128.86748
2539,379743.96365
2540,590452.001907
2541,442350.018237
2542,697900.286711
2543,1604428.102566
2544,678694.595727
2545,392564.62477399997
2546,851728.180128
2547,543747.030851
2548,374212.53523000004
2549,682538.1332970001
2550,708637.171139
2551,434804.263931
2552,1002887.522094
2553,318366.438173
2554,431991.25508000003
2555,425704.665407
2556,533570.081539
2557,400338.036157
2558,460986.129343
2559,548880.854919
2560,364386.0294
2561,212661.628385
2562,316968.56105300004
2563,450035.61566400004
2564,554025.563475
2565,555002.469991
2566,488092.68245
2567,532114.416621
2568,336207.946918
2569,178824.524032
2570,342169.647086
2571,302795.860587
2572,710358.938534
2573,714254.628894
2574,306249.423035
2575,462528.428535
2576,340570.95978000003
2577,999081.992073
2578,421056.030952
2579,663967.658429
2580,850467.82582
2581,613724.64182
2582,358861.669894
2583,319386.136598
2584,714128.151141
2585,331969.350765
2586,527048.635693
2587,584300.012632
2588,372088.37723600003
2589,241044.033956
2590,578997.86765
2591,730885.395201
2592,363504.385851
2593,421064.11433899996
2594,413109.334282
2595,515244.25030600006
2596,392018.71142
2597,512403.4770810001
2598,458104.655599
2599,740992.110248
2600,749037.944979
2601,394021.22655799997
2602,545321.0660229999
2603,1011282.189586
2604,337539.611327
2605,712006.923027
2606,630947.543765
2607,104919.20283
2608,338787.137179
2609,145121.951954
2610,547982.237725
2611,836976.643887
2612,724322.545818
2613,397398.960302
2614,732746.992396
2615,265032.892674
2616,329255.28045
2617,260917.918779
2618,796571.660971
2619,253948.90791900002
2620,341673.525646
2621,1227808.718624
2622,852279.593151
2623,358195.295889
2624,537419.528124
2625,357326.16157399997
2626,664208.227018
2627,807152.3933229998
2628,637298.47131
2629,827652.152358
2630,242244.07195399998
2631,860442.479776
2632,262886.106256
2633,611622.516912
2634,673305.4015810001
2635,684145.376093
2636,264395.06166199996
2637,352937.10768899997
2638,728545.230225
2639,596658.51546
2640,198497.07642
2641,510444.11154799996
2642,604356.289582
2643,535611.264922
2644,954366.084056
2645,159664.288331
2646,226679.76780700003
2647,1011637.459283
2648,379999.74912399997
2649,346437.586945
2650,623221.555651
2651,463401.74698999996
2652,414051.713275
2653,933095.452735
2654,1009855.015485
2655,236435.844994
2656,553825.50658
2657,703461.042286
2658,548972.2846199999
2659,554809.402658
2660,426666.842161
2661,261480.93445300002
2662,540204.868669
2663,343562.643893
2664,524876.718575
2665,322681.88095799997
2666,390604.015069
2667,1085528.19527
2668,504848.375433
2669,222877.466356
2670,451373.989503
2671,1002723.8348540001
2672,764412.493611
2673,308150.639767
2674,536430.649198
2675,767173.558754
2676,740776.917911
2677,293611.84061799996
2678,485949.58514
2679,245067.204842
2680,730629.1743470002
2681,145526.76924000002
2682,639765.661955
2683,697865.280537
2684,289751.447485
2685,525143.350071
2686,375210.636952
2687,345869.06695500005
2688,426904.994764
2689,616766.8827579999
2690,981452.668133
2691,802534.562819
2692,605202.366947
2693,154639.309146
2694,218485.488134
2695,813222.0781640002
2696,1050526.101583
2697,378945.649865
2698,250190.144421
2699,1015896.434519
2700,391026.04609099997
2701,337368.32096700004
2702,319679.147022
2703,788692.044201
2704,467114.40659300005
2705,741025.877796
2706,526028.686477
2707,563017.635263
2708,413593.476319
2709,474515.265194
2710,179036.11848399995
2711,484462.97265
2712,411221.614315
2713,765742.246625
2714,469636.112517
2715,574074.984965
2716,445095.455661
2717,209260.31148099998
2718,328445.884545
2719,549207.389567
2720,292448.32030799997
2721,212588.049244
2722,658820.016062
2723,204757.787733
2724,305802.44529
2725,840657.474449
2726,272771.724484
2727,546280.200971
2728,938978.8356629999
2729,267735.860811
2730,917216.163928
2731,595255.808291
2732,1036309.646173
2733,528420.785856
2734,634558.7136029999
2735,209530.24679
2736,558759.9810149999
2737,423359.128624
2738,419435.880573
2739,641812.097237
2740,848797.290807
2741,818985.402225
2742,528463.4715229999
2743,303418.671006
2744,250634.231542
2745,611590.2988270001
2746,530443.4812510001
2747,517442.823791
2748,546490.738765
2749,486381.40796499996
2750,254779.30431399998
2751,542935.9401840001
2752,592152.749685
2753,783221.176058
2754,160215.043437
2755,301400.77256
2756,736283.128306
2757,549183.661688
2758,635376.774186
2759,664714.116634
2760,478617.3196
2761,1760717.9586729999
2762,376335.278394
2763,196043.705774
2764,580952.712966
2765,731075.438366
2766,685139.6972630001
2767,427553.439997
2768,929344.15539
2769,823121.989478
2770,238149.630838
2771,324238.480025
2772,740252.678467
2773,662737.180502
2774,1209348.565741
2775,657446.7151779999
2776,759020.8618930002
2777,521251.6559350001
2778,363417.309945
2779,531901.131918
2780,384682.737688
2781,206834.897795
2782,741753.867088
2783,391148.38773899997
2784,271617.968729
2785,505374.88129700004
2786,325162.145473
2787,322215.582488
2788,959514.579016
2789,712568.675855
2790,936397.8208260001
2791,343014.065685
2792,169118.515491
2793,463283.189432
2794,264440.776513
2795,717255.588992
2796,590753.983946
2797,226592.691901
2798,482385.21860200004
2799,220095.694524
2800,693277.712892
2801,591035.436417
2802,251157.557738
2803,418325.66277
2804,191327.192987
2805,369023.303113
2806,954047.16855
2807,329011.68560300005
2808,557135.393783
2809,769369.133927
2810,431986.35559799994
2811,259663.96365999998
2812,239944.265262
2813,503283.78913199995
2814,449034.650874
2815,280965.527904
2816,427591.93798499997
2817,304974.95037800004
2818,458444.396963
2819,621455.809264
2820,258230.65468099999
2821,365128.13380999997
2822,611421.5168989999
2823,416887.617499
2824,596395.357092
2825,382596.702345
2826,474832.293851
2827,904888.1863149999
2828,318177.391009
2829,561906.589191
2830,284715.583811
2831,365245.600606
2832,953768.3332870001
2833,217506.36044400002
2834,629599.258033
2835,814343.836988
2836,194180.584751
2837,518111.56675
2838,542135.03814
2839,334444.397718
2840,534604.317745
2841,358913.53748299996
2842,609298.764346
2843,417680.212616
2844,834991.3989060002
2845,352728.564127
2846,757434.880504
2847,285066.43774699996
2848,528151.33619
2849,440430.41657
2850,632366.3732949999
2851,556471.953187
2852,494793.41050399997
2853,629066.176673
2854,789207.325497
2855,361213.28675
2856,242810.500723
2857,369421.893073
2858,534367.633161
2859,314177.427251
2860,306746.739998
2861,460767.70083100005
2862,450023.31211000006
2863,945255.4375459999
2864,656094.161328
2865,732697.794509
2866,932158.145308
2867,211374.428803
2868,421426.95191
2869,802942.196141
2870,197619.91168699999
2871,347559.12461500004
2872,483043.51245200005
2873,517657.03052
2874,751574.0251979999
2875,604326.5387489999
2876,494517.807087
2877,466015.026944
2878,480883.594602
2879,317204.100069
2880,650844.946952
2881,548561.068654
2882,940205.4435149999
2883,499635.312291
2884,335326.390969
2885,174596.071698
2886,196544.392234
2887,473701.41792299994
2888,758463.151582
2889,844589.806631
2890,674027.828741
2891,458853.653721
2892,315463.756074
2893,772026.822593
2894,804961.167489
2895,684002.353917
2896,287342.360531
2897,478137.972589
2898,640126.9607640001
2899,592316.1075340001
2900,528901.650539
2901,1777239.026364
2902,549868.135734
2903,233569.60953299998
2904,809995.685765
2905,408813.39811999997
2906,320431.047471
2907,609842.9527319999
2908,435676.76451000007
2909,586234.01877
2910,923994.818455
2911,794922.393879
2912,318521.132538
2913,439804.163377
2914,549541.601086
2915,845512.2980470002
2916,256986.46522600003
2917,262461.99228400004
2918,571463.839725
2919,981453.538892
2920,384675.389119
2921,370228.386928
2922,622271.557516
2923,1156355.447693
2924,530588.7906310001
2925,573537.803526
2926,925242.0094549999
2927,520576.62914499996
2928,291222.073861
2929,969425.493584
2930,425303.536839
2931,383691.691254
2932,825435.292935
2933,643274.31939
2934,807444.268963
2935,344983.28730100003
2936,274566.9263
2937,246257.22911100002
2938,796261.559709
2939,210178.96229
2940,770793.4387180002
2941,419784.184197
2942,430435.9717
2943,604898.311464
2944,400977.476675
2945,439070.75262700004
2946,540704.4666810001
2947,925564.2759850001
2948,529744.129712
2949,297630.906883
2950,425165.521528
2951,570012.5257720001
2952,610802.402665
2953,498949.371841
2954,448960.636354
2955,398685.638827
2956,355339.97055
2957,450884.981084
2958,335636.678711
2959,286699.740344
2960,504830.089493
2961,290602.614467
2962,382154.1205800001
2963,363972.418846
2964,362476.51482399995
2965,798713.0664659998
2966,396007.32251599996
2967,630523.915246
2968,454922.334599
2969,609524.0732529999
2970,659163.377324
2971,530832.758892
2972,682303.9351369999
2973,1159300.725716
2974,581686.483503
2975,535357.721236
2976,388569.067389
2977,873956.793246
2978,376763.00568299997
2979,463674.066493
2980,344473.649927
2981,275529.784682
2982,860501.909082
2983,450438.96755
2984,606170.574223
2985,940990.4742940001
2986,766605.865725
2987,234827.597812
2988,563950.455995
2989,372096.561541
2990,194186.026996
2991,904291.44679
2992,997369.022965
2993,489204.06914
2994,383785.72384299996
2995,385096.565931
2996,735189.1681939998
2997,228324.76368499998
2998,610447.398694
2999,449278.29205600003
3000,214754.19441999999
3001,886682.9812479998
3002,416486.269932
3003,225884.07084099998
3004,495715.210501
3005,335074.442162
3006,527061.189034
3007,488455.979419
3008,364982.60835500003
3009,920355.3096889999
3010,522821.11346499994
3011,391983.01029899996
3012,347176.643698
3013,691450.246852
3014,824626.133614
3015,233488.153996
3016,749930.908396
3017,472038.420217
3018,392941.848037
3019,380621.403276
3020,760633.316398
3021,447782.988917
3022,1132779.349947
3023,375871.65177199995
3024,637315.2334220001
3025,257603.8334
3026,515530.335141
3027,192530.93171099998
3028,559423.445227
3029,548133.371847
3030,330853.483728
3031,706160.745077
3032,408223.18859000003
3033,407800.75821500004
3034,582764.505539
3035,927746.312514
3036,309232.34021
3037,287858.067584
3038,539629.07924
3039,556717.647123
3040,146280.061505
3041,493225.443702
3042,1485139.988509
3043,260851.375652
3044,496322.486429
3045,363638.97100900003
3046,310946.343744
3047,982013.358366
3048,259523.55376100002
3049,728350.250938
3050,409042.039187
3051,376526.668572
3052,622057.614812
3053,848544.8388029998
3054,247955.209279
3055,568861.267444
3056,223224.68284099997
3057,376046.047213
3058,651067.573641
3059,374664.562024
3060,592727.9164100001
3061,460043.09728100005
3062,547487.6404220001
3063,203748.635406
3064,211711.708766
3065,1022341.989125
3066,1102209.294248
3067,292595.913969
3068,319735.903394
3069,632192.6403130001
3070,243675.81754000002
3071,703158.888892
3072,673976.589592
3073,384005.590506
3074,755402.151599
3075,1356643.245454
3076,812726.729861
3077,1030785.939736
3078,334859.446423
3079,892969.6840700002
3080,757996.627165
3081,463093.49828299996
3082,612127.413452
3083,280662.93913
3084,242024.994302
3085,372429.144776
3086,407682.49979000003
3087,384455.119871
3088,438045.36116800003
3089,639852.104268
3090,487854.284908
3091,970494.768242
3092,749628.6867930002
3093,584800.076198
3094,331893.955128
3095,826016.8691560002
3096,583275.641107
3097,760891.2453640002
3098,326469.590203
3099,471788.555554
3100,290201.013182
3101,801017.334283
3102,1082622.5579620001
3103,251632.394269
3104,408308.357865
3105,359398.388705
3106,356799.3627360001
3107,524769.9179649999
3108,510976.13817399996
3109,405600.16517399997
3110,512482.551793
3111,502805.5746760001
3112,410838.409278
3113,239824.10051199998
3114,492582.07822100003
3115,407680.97596199997
3116,531385.92625
3117,548247.3777020001
3118,590296.54539
3119,202998.60438900001
3120,662958.8840569999
3121,467732.27735200006
3122,421474.459546
3123,331395.302855
3124,272071.77145
3125,484830.587387
3126,309582.820732
3127,348040.133319
3128,499531.47427299997
3129,380854.492899
3130,292396.376316
3131,918797.3646959999
3132,821941.543559
3133,374795.175883
3134,436488.539034
3135,414478.385215
3136,618124.7388439999
3137,1265420.154373
3138,606648.173765
3139,251945.96810100003
3140,434418.78823999997
3141,1195240.3438270001
3142,639709.87595
3143,556607.713792
3144,418558.377063
3145,559987.604957
3146,1208730.8108360001
3147,305512.1078
3148,623609.624143
3149,641681.805523
3150,721689.394437
3151,470884.575637
3152,306301.466129
3153,645480.5194819999
3154,638576.770241
3155,283658.05392399995
3156,303683.81714
3157,671044.3882810001
3158,426639.63094
3159,612488.4867979999
3160,554560.4015939999
3161,305860.411424
3162,690993.856764
3163,518977.66864799993
3164,1082618.963307
3165,1281765.4201149999
3166,324395.877499
3167,689836.9005529999
3168,450420.2462300001
3169,165311.86024500002
3170,646879.506449
3171,975094.636957
3172,822943.266181
3173,267779.398764
3174,375188.541288
3175,387173.326292
3176,311189.042198
3177,350716.701647
3178,524389.760279
3179,642153.6524779999
3180,221792.46100100002
3181,578257.36397
3182,198766.26599
3183,441787.26910200005
3184,828885.5871100002
3185,225341.411131
3186,378376.957602
3187,591786.136801
3188,568097.036889
3189,182248.045292
3190,345747.813756
3191,515202.312079
3192,444166.258754
3193,692229.9735310001
3194,388949.806788
3195,418056.81591
3196,487900.435138
3197,661560.3129939999
3198,539957.024483
3199,467919.12652600004
3200,629485.407596
3201,325940.386383
3202,578317.0697
3203,807428.159921
3204,422130.141119
3205,526196.525286
3206,527810.569653
3207,730846.428733
3208,739138.627926
3209,681387.0683350001
3210,507552.214329
3211,492161.30962200003
3212,402208.86199899996
3213,566284.104209
3214,753326.206189
3215,285096.54090100003
3216,329275.960978
3217,641971.228455
3218,297305.242995
3219,754090.581768
3220,251692.421491
3221,1633283.248561
3222,666971.81706
3223,512853.356149
3224,543469.6580630001
3225,666792.9996140001
3226,228289.062564
3227,608382.3342340001
3228,360382.582606
3229,645753.542318
3230,705520.0337489998
3231,282952.296713
3232,2710941.006317
3233,234664.589052
3234,278765.42312399996
3235,457121.13323999994
3236,939129.8857219999
3237,615140.094135
3238,1231189.88999
3239,836090.714971
3240,757936.575586
3241,672740.973401
3242,502177.407691
3243,399709.651482
3244,600689.351822
3245,305995.63310100004
3246,234098.59566300001
3247,296089.095954
3248,382709.947358
3249,319088.601024
3250,538096.271104
3251,641582.652224
3252,297566.470713
3253,390543.291935
3254,608386.583879
3255,583048.762037
3256,336538.533917
3257,783199.024891
3258,763469.395822
3259,668487.361197
3260,1595949.602421
3261,1008965.0887190001
3262,418880.771671
3263,623045.009252
3264,262293.484669
3265,358272.60138899996
3266,442162.574032
3267,488348.129534
3268,239683.037544
3269,812871.5427689998
3270,524783.924084
3271,338672.632363
3272,509825.24518
3273,320428.435194
3274,165712.40941300002
3275,579710.513093
3276,425075.61565500003
3277,458824.06053500006
3278,451511.046455
3279,699823.7496770001
3280,286518.62245900003
3281,1138498.891495
3282,261219.706734
3283,685848.059759
3284,652243.883455
3285,495909.20225699997
3286,529095.849592
3287,372794.204661
3288,766392.820415
3289,666950.773817
3290,534168.4106930001
3291,145766.966729
3292,424070.418076
3293,556995.636954
3294,772505.5223859998
3295,696779.242849
3296,1119858.4989540002
3297,363128.217937
3298,436042.265626
3299,138682.728042
3300,212263.691494
3301,378535.509626
3302,805615.672009
3303,187944.379713
3304,1029433.5652370001
3305,282252.509796
3306,540320.244245
3307,501181.932483
3308,650265.604546
3309,446644.72062
3310,477160.74991499993
3311,245054.710848
3312,458174.31632399996
3313,885807.2425709999
3314,849756.214223
3315,612196.280625
3316,811247.519996
3317,730292.905932
3318,480844.410444
3319,319031.30228
3320,309096.719486
3321,591844.741682
3322,849674.384268
3323,673434.455786
3324,357683.532885
3325,530937.82545
3326,352689.881243
3327,536147.9607180001
3328,598361.502493
3329,598836.0661810001
3330,305573.060934
3331,233727.86999299997
3332,509044.497757
3333,606305.046047
3334,888727.9810510002
3335,628051.267117
3336,212003.334535
3337,628092.674507
3338,544216.13736
3339,898017.2780549999
3340,279404.560275
3341,565253.793791
3342,750429.905216
3343,815314.803082
3344,605852.423609
3345,626350.542659
3346,466815.58575
3347,339768.047261
3348,792833.578
3349,143304.98116199998
3350,383186.511825
3351,623054.721229
3352,980826.6562549999
3353,439927.63888999994
3354,526957.10315
3355,359273.974309
3356,660232.859584
3357,402508.175033
3358,692104.074566
3359,394260.1772550001
3360,322379.93826100003
3361,770689.132303
3362,400634.122796
3363,240636.518716
3364,429244.687024
3365,565190.528822
3366,483318.474713
3367,499743.068725
3368,851745.3776199998
3369,264760.780468
3370,619600.328506
3371,585115.9440479999
3372,243758.321961
3373,751109.60686
3374,623824.0352439999
3375,297325.052763
3376,1251910.744229
3377,509551.73469300003
3378,319749.460816
3379,802432.81864
3380,198714.02044700002
3381,308963.49335
3382,295179.152735
3383,388499.624353
3384,1954251.012145
3385,649772.972608
3386,733148.4123229998
3387,331807.60727
3388,468067.32037299994
3389,418348.78422
3390,1000090.786089
3391,442270.85152299993
3392,244253.005555
3393,239085.47913899997
3394,242919.345606
3395,499453.976716
3396,242701.65584099997
3397,906327.848866
3398,185057.68141400002
3399,411876.425129
3400,380324.977633
3401,562967.98252
3402,703694.4756550002
3403,519144.193544
3404,175574.264043
3405,672394.680558
3406,204707.71908699998
3407,234556.614929
3408,570456.272887
3409,717065.131393
3410,599986.410562
3411,547272.181746
3412,800184.579318
3413,841016.662562
3414,392163.977307
3415,563284.3464050001
3416,554534.641842
3417,239569.959567
3418,835736.550972
3419,380244.65011
3420,503881.321904
3421,629352.740772
3422,553192.682433
3423,591438.886908
3424,479967.859437
3425,347556.076958
3426,432091.71744399995
3427,499612.454865
3428,438810.531609
3429,236830.73422800002
3430,483398.12938500004
3431,919433.7763360001
3432,776534.577888
3433,390324.7191
3434,542032.902075
3435,383733.354367
3436,504980.513426
3437,247844.42173899998
3438,957756.688123
3439,196119.897192
3440,336221.470627
3441,561113.1113069999
3442,356701.620031
3443,590952.952392
3444,507724.624623
3445,273235.403684
3446,468842.005888
3447,231889.783293
3448,404232.855758
3449,323696.09058200003
3450,250087.394852
3451,459402.4363020001
3452,423788.07445
3453,659846.055743
3454,614519.823412
3455,455182.47386800003
3456,634452.7604520001
3457,544436.950679
3458,765931.898212
3459,612609.957687
3460,402477.92654899997
3461,338831.941928
3462,390128.363657
3463,435218.309864
3464,1204653.540964
3465,721363.400518
3466,315770.833274
3467,463004.10630600003
3468,359347.33576
3469,752325.419525
3470,361113.895197
3471,482151.85517399997
3472,215339.126819
3473,630466.231695
3474,333859.340077
3475,415546.50321500003
3476,201408.49868299998
3477,635911.228194
3478,531610.714295
3479,747377.275438
3480,187037.919531
3481,475131.22176899994
3482,369315.225089
3483,419591.964134
3484,274330.962398
3485,332431.85583899997
3486,757387.660605
3487,952728.7280209999
3488,267255.201809
3489,352435.63938
3490,411192.771884
3491,248614.373888
3492,683178.817872
3493,535161.1681649999
3494,314014.59530700004
3495,1393886.696283
3496,377122.89974699996
3497,757796.00027
3498,617913.494094
3499,321897.75543099997
3500,223699.24521999998
3501,906797.4056899999
3502,379651.01012
3503,299823.174831
3504,436586.100994
3505,427303.58472399996
3506,584101.925644
3507,522198.520736
3508,409429.070498
3509,405121.25838899997
3510,261480.93445300002
3511,493669.91332
3512,360621.388278
3513,358531.43452
3514,649955.797293
3515,1216488.079685
3516,516784.578282
3517,365967.89524600003
3518,449968.975347
3519,754959.588307
3520,578308.303375
3521,631240.554189
3522,675125.587764
3523,259540.818564
3524,885300.791416
3525,777628.679655
3526,455739.1065979999
3527,278323.309142
3528,571875.408013
3529,662102.142819
3530,486083.878939
3531,192964.134343
3532,467728.81278800004
3533,242293.705221
3534,858449.424208
3535,377846.003181
3536,393205.804191
3537,383798.785229
3538,391221.842947
3539,520762.724722
3540,378684.33555
3541,413966.814267
3542,513736.93003900006
3543,301651.247802
3544,247910.582877
3545,359248.286917
3546,463728.281638
3547,201462.182377
3548,558974.786621
3549,199044.90889000002
3550,436784.16173500003
3551,498351.3780560001
3552,342971.484168
3553,840750.863358
3554,1004072.233427
3555,816955.5940319998
3556,634016.58041
3557,587427.723677
3558,505161.63100500003
3559,533018.760562
3560,621811.730726
3561,438733.333491
3562,528584.278643
3563,324371.913152
3564,507569.67584499996
3565,592408.578653
3566,390581.556691
3567,393759.490795
3568,401215.325911
3569,358279.132082
3570,405960.29670999997
3571,276035.24376700004
3572,262438.76941999997
3573,244955.862531
3574,360238.243898
3575,252810.825827
3576,812366.1952119998
3577,699972.702359
3578,336260.629764
3579,415857.711979
3580,200799.40272
3581,671753.4452229999
3582,380882.652086
3583,518368.866968
3584,415274.444336
3585,355130.988375
3586,387182.033882
3587,306220.470296
3588,521657.30463699996
3589,1425323.022532
3590,785487.8939060002
3591,278287.968813
3592,526935.799729
3593,591883.767581
3594,714509.069584
3595,644235.769405
3596,278738.390251
3597,1037124.255817
3598,597092.1667899999
3599,480292.39885
3600,456700.556613
3601,476709.78239899996
3602,391259.191829
3603,710887.2715939998
3604,483080.961249
3605,1454306.298191
3606,399538.76501599996
3607,578007.45612
3608,430345.403683
3609,418956.31002
3610,608421.256903
3611,474825.327779
3612,717157.011914
3613,189785.754161
3614,507218.298317
3615,637060.754087
3616,435218.309864
3617,173200.89799300002
3618,473016.3258300001
3619,645509.254531
3620,573307.747934
3621,226354.10391900002
3622,776930.027521
3623,359583.6744860001
3624,876590.410184
3625,222175.594988
3626,531507.177025
3627,338773.64041399996
3628,742152.0216689998
3629,389428.890694
3630,550210.636017
3631,792327.534974
3632,278224.246368
3633,693307.895033
3634,242962.883559
3635,678469.50451
3636,556666.0546489999
3637,343424.723649
3638,602744.296871
3639,521292.587768
3640,371174.958142
3641,519326.794383
3642,617865.905713
3643,376219.005561
3644,472810.82669200003
3645,826169.3428239998
3646,542456.480551
3647,633228.660928
3648,516076.253122
3649,168913.01635299998
3650,216545.58447399997
3651,344043.003462
3652,788780.148237
3653,400436.51760799997
3654,250131.15049499998
3655,1598097.317023
3656,859237.4847860001
3657,420887.13256
3658,584884.856121
3659,531395.656284
3660,980729.9381120001
3661,670905.115172
3662,253274.06964699997
3663,693651.50617
3664,910495.051691
3665,905381.868808
3666,511717.86008599994
3667,594252.752892
3668,491760.206688
3669,1135268.982114
3670,353958.7289900001
3671,975898.485129
3672,881899.973473
3673,423764.477665
3674,445658.41663500003
3675,504414.737421
3676,386858.32920100004
3677,250647.292928
3678,355972.359318
3679,853245.975443
3680,425882.941316
3681,620872.515046
3682,256357.777184
3683,379563.28114499996
3684,912965.256142
3685,938099.3810200001
3686,977268.538833
3687,271032.38326
3688,898089.854424
3689,512659.262555
3690,493545.830154
3691,73927.00034099999
3692,1006326.906454
3693,1258938.257945
3694,402561.737108
3695,775045.0304449998
3696,673534.866578
3697,419989.247956
3698,479827.014159
3699,410888.680987
3700,416180.415812
3701,291031.135613
3702,495538.25889700005
3703,151528.172699
3704,270493.251389
3705,276008.80046399997
3706,286979.23422
3707,365928.328592
3708,154561.15852
3709,758222.041847
3710,1203123.240344
3711,556826.492006
3712,358007.019876
3713,332859.31286
3714,338687.870646
3715,171282.48377
3716,438311.896804
3717,187474.16982
3718,427635.996995
3719,447317.19478599995
3720,424471.744246
3721,201514.948978
3722,527232.042705
3723,835567.158159
3724,899056.3576389998
3725,345858.156833
3726,689510.704295
3727,339947.201396
3728,737810.213286
3729,851306.515053
3730,350501.116114
3731,625746.235871
3732,308423.622732
3733,490479.537799
3734,448770.526681
3735,456999.662351
3736,639887.80539
3737,766534.681172
3738,403803.408044
3739,1028573.42664
3740,372477.405396
3741,833130.4249100002
3742,388843.356493
3743,385791.512957
3744,420138.825454
3745,572961.285436
3746,527269.4324619999
3747,549105.728446
3748,424166.978575
3749,601677.617021
3750,375692.625107
3751,670467.0507
3752,364072.035081
3753,946571.272569
3754,461188.580825
3755,594725.995201
3756,1098941.628858
3757,371567.36559
3758,611515.203324
3759,728118.426273
3760,963262.6429209999
3761,585866.3770890001
3762,457614.543795
3763,397333.217993
3764,530604.746553
3765,239614.46526799997
3766,1313106.064682
3767,794760.264435
3768,331373.53387800005
3769,416156.034558
3770,878795.785852
3771,502677.41767600004
3772,408344.982628
3773,317127.069683
3774,414866.16073299997
3775,557797.4349989999
3776,546369.453775
3777,460180.677212
3778,620028.785543
3779,248042.285185
3780,989701.4867120001
3781,480762.96106400003
3782,603381.74583
3783,550339.13656
3784,376609.254637
3785,877111.7771719998
3786,275463.808133
3787,457229.978122
3788,272182.43829
3789,623660.55023
3790,399781.48910500004
3791,939729.5739940001
3792,498626.829583
3793,304840.88457600004
3794,633500.088275
3795,745868.903054
3796,905395.533558
3797,609995.429325
3798,658486.619186
3799,484568.34358000004
3800,394575.827415
3801,382893.195806
3802,314850.959385
3803,433511.355767
3804,500941.800584
3805,559439.1188909999
3806,661211.436432
3807,341622.492484
3808,669715.585325
3809,342533.274671
3810,526050.020074
3811,517613.088978
3812,339623.501257
3813,614766.524514
3814,171444.880334
3815,1032438.923933
3816,277072.8852
3817,794521.121586
3818,1351644.316376
3819,401640.256332
3820,281086.128034
3821,277081.55322600005
3822,677733.495414
3823,288963.410535
3824,439005.517053
3825,837926.6027630002
3826,854654.497964
3827,419174.652854
3828,527293.378336
3829,244606.57329899998
3830,945053.950175
3831,329134.648835
3832,275566.557702
3833,416417.262276
3834,724857.301578
3835,1111235.4135450001
3836,515250.53959799994
3837,599304.277829
3838,710117.64159
3839,759343.504539
3840,771192.523488
3841,679581.163388
3842,272562.74231
3843,926203.848515
3844,593208.3040369999
3845,565515.539641
3846,229175.930667
3847,908197.0652020001
3848,318443.322225
3849,429671.31062299997
3850,394422.13844
3851,247389.21589000002
3852,895539.763542
3853,656047.926424
3854,687961.2881550001
3855,362772.43111199996
3856,982324.8789680001
3857,197707.1855
3858,333813.882481
3859,802220.394304
3860,740797.141577
3861,420745.198833
3862,203902.266955
3863,937344.9572030001
3864,469568.858696
3865,1049128.0973
3866,558031.462587
3867,518139.99781800003
3868,315003.34222
3869,606686.5728409999
3870,453846.72946899995
3871,469003.604053
3872,387232.61734299996
3873,426684.33131700003
3874,681504.313904
3875,375849.797118
3876,308520.930057
3877,415989.501887
3878,928159.923068
3879,490703.354668
3880,535801.393764
3881,471989.568885
3882,810463.236962
3883,595628.710858
3884,553795.3171359999
3885,588906.583005
3886,587704.625058
3887,900979.871258
3888,162737.329069
3889,248825.96834000002
3890,851176.391071
3891,508930.62946
3892,537913.248511
3893,620368.163887
3894,545560.462798
3895,513143.622283
3896,540053.574283
3897,240510.258652
3898,724681.6446
3899,471855.2543
3900,574454.8172729999
3901,595214.664925
3902,399129.07287800004
3903,967658.096099
3904,1045951.526758
3905,836427.8976390002
3906,394096.909931
3907,674292.123593
3908,588570.123537
3909,290614.369714
3910,231389.967592
3911,831912.4805439998
3912,1369727.707315
3913,361526.811585
3914,277284.69734099996
3915,422914.388433
3916,629145.2217689999
3917,760863.045608
3918,513415.73448999994
3919,285148.568754
3920,477200.843783
3921,748844.737691
3922,686881.868454
3923,463032.980528
3924,839706.605555
3925,749011.441325
3926,592437.538553
3927,578508.328784
3928,375394.91118600004
3929,451651.51832
3930,648290.23242
3931,665314.115962
3932,292661.22089899995
3933,399454.954457
3934,559963.315845
3935,350733.30541599996
3936,474531.446596
3937,726703.335417
3938,588433.595722
3939,609226.055965
3940,664048.2062520001
3941,566080.797209
3942,620677.283353
3943,334130.924456
3944,450202.556465
3945,203053.276871
3946,650858.139842
3947,1924219.9367990003
3948,261428.68890900002
3949,424385.453421
3950,732620.614556
3951,560039.942642
3952,294941.943556
3953,696695.633429
3954,650957.20493
3955,552003.746613
3956,518132.72252700006
3957,650692.190808
3958,358201.85221599997
3959,583333.71794
3960,568648.445065
3961,183564.72566199998
3962,311735.246911
3963,438168.138195
3964,283587.515448
3965,691405.07273
3966,334796.837448
3967,391484.500736
3968,432004.021569
3969,383048.971618
3970,622067.054685
3971,928581.588143
3972,661877.269292
3973,428194.42897300003
3974,341260.007234
3975,664908.9489739999
3976,588159.1612880001
3977,509559.683754
3978,441233.77748100006
3979,320117.057081
3980,1113629.212563
3981,388566.89049099997
3982,214760.28973400002
3983,504013.53518299997
3984,687076.918483
3985,393864.417262
3986,759990.789662
3987,221107.51655300002
3988,360986.454015
3989,458156.39340299997
3990,355031.774725
3991,463619.43675600004
3992,244779.854352
3993,253785.64059499998
3994,459632.666396
3995,288462.724075
3996,567823.400855
3997,338006.820289
3998,245201.301737
3999,133173.38913
4000,623527.192082
4001,542780.4882939999
4002,514854.803316
4003,389622.290343
4004,287385.898484
4005,667770.83064
4006,638453.6652170001
4007,592815.37401
4008,354310.95103
4009,325496.299262
4010,498864.03745299997
4011,387385.468353
4012,476855.616987
4013,570975.1262020001
4014,358802.240588
4015,1272908.837936
4016,1175632.821665
4017,343066.832285
4018,582702.0305819999
4019,251535.68485999998
4020,730138.719306
4021,852973.671486
4022,505677.470071
4023,328115.23915
4024,1071591.361617
4025,407222.988486
4026,1799088.098533
4027,668952.49702
4028,449747.09558900003
4029,320429.30595300003
4030,273967.626377
4031,741345.2776350002
4032,562293.3814140001
4033,1065698.7017110002
4034,667076.400289
4035,878884.556942
4036,1001052.420081
4037,487432.627299
4038,518836.255978
4039,193228.627408
4040,746028.469652
4041,303459.99271799996
4042,345648.982603
4043,233879.164379
4044,341415.655416
4045,480202.715208
4046,287636.241714
4047,751778.6428779998
4048,333447.38929200004
4049,353282.918427
4050,560780.305839
4051,320100.159028
4052,502431.23395799997
4053,384388.506803
4054,716541.80958
4055,329872.855921
4056,295069.257046
4057,346698.814663
4058,567710.9015810001
4059,168156.544419
4060,318399.876941
4061,422399.641048
4062,546928.464848
4063,351548.553587
4064,481284.796839
4065,818979.886617
4066,610670.994948
4067,409359.606371
4068,311228.251989
4069,390606.79346300004
4070,418522.18666999997
4071,766192.0374810002
4072,703274.610938
4073,373338.613664
4074,240161.95502800003
4075,278273.44425500004
4076,641913.758357
4077,452263.33979399997
4078,441904.92201899993
4079,827667.959038
4080,455466.559012
4081,424687.183444
4082,1181409.444266
4083,502287.304996
4084,323332.812698
4085,510731.65278500004
4086,336353.452591
4087,443553.156469
4088,701263.355414
4089,767110.952315
4090,344000.63570100005
4091,695136.842697
4092,507942.022824
4093,368409.635665
4094,384810.73926999996
4095,675196.189188
4096,520166.69176
4097,461325.932674
4098,729854.361973
4099,941892.888898
4100,1079935.17781
4101,298058.44958200003
4102,598622.730211
4103,614060.480148
4104,537448.256708
4105,782800.481656
4106,418303.89379400003
4107,433635.72313100006
4108,1017079.021392
4109,416189.341092
4110,435932.0359189999
4111,630662.269783
4112,1135913.7175379999
4113,422389.202638
4114,840484.777475
4115,273555.407639
4116,317927.047779
4117,727290.116716
4118,621333.099863
4119,453820.054546
4120,454533.635745
4121,355558.577409
4122,371950.927088
4123,236980.722477
4124,791657.703566
4125,694999.045076
4126,256694.741158
4127,400255.617413
4128,389243.905661
4129,307143.4749
4130,277719.773505
4131,482744.7908270001
4132,584416.505828
4133,398785.809219
4134,408319.24235300004
4135,659015.5329560001
4136,453757.912045
4137,283466.044559
4138,1125532.629018
4139,680889.258263
4140,344217.23701700004
4141,264289.696583
4142,431317.87666400004
4143,683845.399597
4144,387068.399825
4145,798332.83149
4146,132675.968016
4147,474644.9872020001
4148,1179123.574345
4149,1016656.5608440001
4150,516191.193318
4151,711938.045155
4152,1038812.1043969999
4153,350315.780375
4154,520520.132647
4155,454994.607601
4156,405095.690387
4157,413736.063116
4158,486070.806854
4159,664906.686705
4160,689106.77039
4161,308633.475666
4162,237585.02926500002
4163,802487.981751
4164,846475.565878
4165,977682.9611049999
4166,359578.3046010001
4167,356558.545278
4168,507737.686009
4169,804837.0843229998
4170,550749.208365
4171,718788.280884
4172,586208.030629
4173,443136.053796
4174,688907.3032890001
4175,554649.897721
4176,333342.887506
4177,708652.771831
4178,311281.42702600005
4179,683196.901786
4180,664998.4194680001
4181,629641.2673109999
4182,222746.85249699999
4183,513404.85000100004
4184,391257.885691
4185,862760.0662840002
4186,217506.36044400002
4187,736053.687222
4188,793967.6760869998
4189,663491.806768
4190,305363.20800100005
4191,477284.606307
4192,634584.277368
4193,794293.930466
4194,256927.18366900002
4195,716511.333013
4196,448511.833933
4197,498260.705879
4198,1073649.9783360001
4199,396977.730606
4200,613778.323287
4201,358133.825626
4202,1056462.997569
4203,192806.744643
4204,939751.560355
4205,179030.67624
4206,399267.958949
4207,250973.827576
4208,626744.460521
4209,634468.5900399999
4210,305365.820278
4211,321180.249965
4212,466229.886742
4213,346888.01886
4214,206545.509189
4215,1061552.793975
4216,796846.7211399998
4217,554782.9061680001
4218,206101.283286
4219,995046.444525
4220,786098.731387
4221,282009.070672
4222,574119.470579
4223,358224.70964099996
4224,561844.722808
4225,376641.62855100003
4226,1113180.733394
4227,352561.899444
4228,175868.91074700002
4229,684088.776754
4230,557897.086337
4231,226048.46748800002
4232,345446.09574200003
4233,638441.409889
4234,757481.700048
4235,347250.440528
4236,719164.414166
4237,412256.868628
4238,740412.034842
4239,843607.787419
4240,843081.1378390002
4241,443010.82930299995
4242,428046.559893
4243,446637.48558999994
4244,402208.86199899996
4245,892153.850034
4246,343745.503296
4247,733881.291009
4248,450304.131908
4249,482995.620704
4250,187802.010606
4251,473893.662615
4252,161872.012252
4253,733654.758716
4254,360659.919367
4255,435816.34998400003
4256,655358.938317
4257,487405.75185
4258,373030.854528
4259,644530.554447
4260,497719.32182700007
4261,642459.984468
4262,585382.076095
4263,749398.06289
4264,546589.320438
4265,256880.45031
4266,536805.0755939999
4267,325144.730291
4268,726215.139328
4269,670314.8852479999
4270,648789.4531729999
4271,209485.656721
4272,692273.511484
4273,217872.07925
4274,586702.382994
4275,359523.322847
4276,214994.523921
4277,294714.820466
4278,416156.034558
4279,295588.409494
4280,530728.937424
4281,294733.106406
4282,568390.700383
4283,286585.744882
4284,282858.690114
4285,303886.70400100003
4286,821217.814305
4287,387400.723186
4288,239583.751229
4289,523940.9559520001
4290,280731.293716
4291,462872.760861
4292,516205.778533
4293,371583.902144
4294,500443.29889
4295,731989.7509260002
4296,388342.670033
4297,697966.725583
4298,775545.909659
4299,347830.801442
4300,606187.845589
4301,236925.64696599997
4302,716115.461095
4303,650526.792922
4304,536913.1330810001
4305,383498.384052
4306,741828.277645
4307,575681.652204
4308,586026.223343
4309,318802.728027
4310,442931.018903
4311,925989.4240959999
4312,233792.74154299998
4313,232436.18460300003
4314,570161.428803
4315,363156.082227
4316,1056754.047783
4317,825833.6652060002
4318,1305719.903917
4319,566985.295259
4320,644923.451288
4321,561660.75548
4322,271389.915532
4323,326543.557997
4324,377701.46626
4325,664616.637341
4326,1105234.614592
4327,529152.88431
4328,311917.87338299997
4329,536628.039315
4330,198472.384807
4331,705381.633407
4332,378035.83774
4333,149701.405867
4334,545082.261186
4335,458104.655599
4336,1009852.0141629999
4337,543720.908079
4338,806037.763075
4339,557496.976483
4340,295266.228641
4341,219693.403838
4342,670005.528615
4343,870404.0561020002
4344,666263.995012
4345,498031.28195900004
4346,720220.661457
4347,370992.874431
4348,582702.0305819999
4349,410776.004675
4350,635358.599863
4351,485775.65101800003
4352,630520.689096
4353,694345.718748
4354,904040.015111
4355,485755.096038
4356,290709.064762
4357,463684.74368500005
4358,832015.883183
4359,562304.483592
4360,772569.2331279998
4361,480860.391012
4362,537540.8670000001
4363,783883.535882
4364,372978.670951
4365,239388.938671
4366,459752.39384399995
4367,386254.72251399996
4368,416312.771189
4369,646853.559183
4370,910720.3914379999
4371,362873.813886
4372,557351.306003
4373,463472.233058
4374,467502.86282
4375,943317.0428959999
4376,341913.29422
4377,872056.285392
4378,244936.590983
4379,297761.520742
4380,287878.419111
4381,253957.61551
4382,717190.52508
4383,848916.367108
4384,534502.8743149999
4385,708281.9540189998
4386,634365.047224
4387,524315.1183229999
4388,470727.16838199995
4389,617169.626461
4390,376699.222581
4391,612481.5207260001
4392,639963.7791180001
4393,178142.284308
4394,1244886.699842
4395,577790.201734
4396,387889.49282399996
4397,456234.949996
4398,721675.681988
4399,533247.779584
4400,774006.6253300002
4401,413650.293348
4402,295312.946263
4403,404592.69694
4404,347408.353513
4405,1038814.2677549999
4406,616386.050689
4407,442547.449537
4408,263125.145249
4409,361693.945751
4410,410554.395185
4411,847119.120407
4412,1380579.534866
4413,626266.29672
4414,379925.788796
4415,461367.153246
4416,1035949.9370040001
4417,636100.401518
4418,661820.298155
4419,877937.7718809998
4420,303031.956993
4421,490226.945312
4422,980030.1118200001
4423,510690.99737600004
4424,391204.2675
4425,496410.673799
4426,1014376.6813030001
4427,217754.526777
4428,545671.644844
4429,717038.142244
4430,221393.03984699998
4431,136173.068417
4432,356830.927752
4433,272020.694794
4434,976314.392277
4435,507684.35201599996
4436,887904.9284
4437,495466.856654
4438,591067.325196
4439,223366.019614
4440,363156.082227
4441,840673.198681
4442,438998.842339
4443,525123.097054
4444,359018.49443099997
4445,260978.071095
4446,389824.02325100004
4447,481761.49200900004
4448,371399.518913
4449,943307.219302
4450,653813.960646
4451,283571.841785
4452,704099.619121
4453,671094.556536
4454,337130.023339
4455,998287.6166549999
4456,902072.5350129999
4457,471874.080075
4458,346142.617313
4459,700028.8134359999
4460,514358.680875
4461,308095.34656599996
4462,438897.61659799994
4463,422271.421777
4464,551418.4187050001
4465,162955.018834
4466,411779.553183
4467,187797.656811
4468,222648.674413
4469,853877.171612
4470,841911.107929
4471,360812.302202
4472,189836.018095
4473,328419.569442
4474,526870.4928
4475,220211.50547899998
4476,731016.5637449998
4477,795398.530826
4478,485483.200211
4479,650298.6933899999
4480,271053.41349
4481,331837.74221500003
4482,548172.784087
4483,366761.900958
4484,497565.735693
4485,716646.973824
4486,488680.635257
4487,1104873.660943
4488,1231369.266356
4489,529119.056719
4490,241070.80979699997
4491,1001637.362873
4492,413398.643979
4493,605339.9666609999
4494,280417.167385
4495,193538.835324
4496,700167.403131
4497,239944.265262
4498,749754.197495
4499,211717.29018399998
4500,751143.7900899998
4501,617697.072212
4502,505079.3127890001
4503,519651.837606
4504,374181.726124
4505,459147.739276
4506,675346.395126
4507,330894.61639499996
4508,291811.360055
4509,269770.303679
4510,1065122.7741120001
4511,605056.511879
4512,792485.492066
4513,1010222.390131
4514,418698.347648
4515,439005.973524
4516,669811.839529
4517,294546.763967
4518,179118.405215
4519,471782.763608
4520,698724.569351
4521,602280.998551
4522,1213420.60359
4523,358748.621088
4524,521378.20756300003
4525,364019.875215
4526,385802.96921999997
4527,286708.97707100003
4528,931535.98009
4529,785149.274397
4530,964935.535883
4531,653912.257815
4532,368815.68127
4533,503781.567109
4534,174349.211504
4535,765374.137691
4536,922438.9197629999
4537,165690.640436
4538,583654.992006
4539,256860.570601
4540,643313.767572
4541,564234.598563
4542,880114.11507
4543,320924.985548
4544,240340.421292
4545,402342.08813499997
4546,576169.805105
4547,390954.643848
4548,490437.30598400004
4549,473668.473099
4550,621235.444758
4551,337200.53242199996
4552,675200.325294
4553,184961.897917
4554,846405.73268
4555,326521.618056
4556,391208.905494
4557,511738.944203
4558,392548.298042
4559,182845.386008
4560,427446.82458899997
4561,303081.251869
4562,393754.048551
4563,734700.676295
4564,844271.962821
4565,581846.764831
4566,953504.9929569999
4567,979987.5750530001
4568,196587.930187
4569,352675.098122
4570,799285.2959060002
4571,863086.453987
4572,1082689.763748
4573,458840.447005
4574,415594.110766
4575,580691.702937
4576,640288.354558
4577,333328.519982
4578,674414.682931
4579,204881.870899
4580,834063.433771
4581,346938.27340500004
4582,242675.533069
4583,304031.164327
4584,919660.2064860001
4585,336705.455632
4586,378031.483945
4587,876599.685166
4588,600417.932028
4589,338628.87672
4590,355702.424009
4591,298930.079402
4592,788102.479998
4593,214849.977917
4594,513167.713487
4595,484742.516789
4596,703216.64662
4597,946863.0011780001
4598,698150.01875
4599,367877.252177
4600,629132.4928380001
4601,576454.760702
4602,796417.8863189998
4603,357351.773682
4604,912009.1127350001
4605,204023.084775
4606,531893.562755
4607,451502.62306300004
4608,552367.85268
4609,596121.125107
4610,644969.819293
4611,228397.03668699999
4612,373755.707254
4613,318754.890471
4614,531643.169547
4615,732836.4628890002
4616,305861.717563
4617,465688.285305
4618,965127.320567
4619,317732.309196
4620,461505.090041
4621,113169.60558900001
4622,573414.373429
4623,439384.753716
4624,861420.194863
4625,626092.6227770001
4626,513396.79548000003
4627,466231.063097
4628,260909.07130799998
4629,509674.7281
4630,554910.846089
4631,398687.117239
4632,805209.3338220002
4633,377138.955907
4634,362168.736519
4635,869576.946916
4636,366614.226858
4637,505457.83310600003
4638,510449.57973199995
4639,543595.721529
4640,779449.133484
4641,614828.130717
4642,509624.099837
4643,846340.747484
4644,2200451.4793490004
4645,708496.6882699998
4646,603268.058446
4647,446525.86200799997
4648,518505.659099
4649,1277751.572837
4650,653457.1307880001
4651,527760.043121
4652,620392.2142170001
4653,460941.232675
4654,496024.14245299995
4655,537597.248649
4656,207162.52089100002
4657,438162.47826099995
4658,739467.339472
4659,262435.939453
4660,758049.3911560002
4661,338962.15975
4662,383228.795319
4663,336671.060649
4664,1124694.305733
4665,239382.40797800003
4666,957545.450069
4667,616920.043683
4668,393344.838127
4669,159213.67051700002
4670,584798.33468
4671,153476.8458
4672,829800.54012
4673,292047.335761
4674,506547.97541499994
4675,650832.251005
4676,424853.572094
4677,236681.834429
4678,827848.794004
4679,231497.94171500002
4680,240821.990396
4681,796690.922611
4682,304258.51811999996
4683,496455.603568
4684,444567.17517799995
4685,345724.08557199995
4686,769913.042657
4687,633766.8523
4688,277979.579622
4689,422193.27115100005
4690,686927.664049
4691,292851.917133
4692,535657.375809
4693,728557.420852
4694,280537.767515
4695,275790.342781
4696,418270.204763
4697,647669.304394
4698,997425.997723
4699,361497.715131
4700,384915.973951
4701,400247.345202
4702,1207146.3086940001
4703,774930.771571
4704,474418.208575
4705,244975.122071
4706,930527.912991
4707,405982.692426
4708,389112.872972
4709,585738.614289
4710,339155.903641
4711,312672.188202
4712,339529.350586
4713,444256.967263
4714,293171.812396
4715,631265.370823
4716,418282.956233
4717,283768.633333
4718,431029.944238
4719,387173.326292
4720,344229.444194
4721,529589.181631
4722,552201.709973
4723,607228.838046
4724,606061.585525
4725,345497.905906
4726,270035.232123
4727,393675.462546
4728,409950.088397
4729,972664.914892
4730,445928.610508
4731,398915.091708
4732,742279.152492
4733,964889.5254379999
4734,430581.25384099997
4735,658665.513448
4736,892938.615175
4737,629050.5043189999
4738,364244.531053
4739,300933.392634
4740,521147.60184200003
4741,429778.24918000004
4742,541099.915532
4743,308607.352894
4744,998042.2005469999
4745,462966.36746000004
4746,176469.85951900005
4747,664969.678007
4748,286978.756656
4749,390238.300805
4750,244344.91020100002
4751,503519.95689399994
4752,416629.074418
4753,224100.012077
4754,802724.05545
4755,705167.532444
4756,533814.9746569999
4757,717749.46672
4758,577352.253726
4759,505437.29225399997
4760,527214.743682
4761,524746.0583810001
4762,330676.49125
4763,508075.42598100007
4764,626260.2014060001
4765,330404.814423
4766,348345.420047
4767,608517.865742
4768,787454.681592
4769,407771.785694
4770,1216074.601143
4771,607410.97202
4772,571725.8444449999
4773,273511.869686
4774,557414.907441
4775,290587.15849299997
4776,580716.2051970001
4777,683241.963567
4778,604984.276825
4779,413053.2232050001
4780,786106.138996
4781,625470.9903300001
4782,584814.0083430001
4783,230662.01301700002
4784,443599.32648199995
4785,721296.114709
4786,482969.49823699996
4787,433888.840213
4788,1081994.740679
4789,312013.458973
4790,487743.045438
4791,623934.940558
4792,862142.628974
4793,403239.840727
4794,285888.845968
4795,607154.323445
4796,502191.189458
4797,370490.143783
4798,219542.10945100003
4799,508470.839504
4800,957686.4035100001
4801,889487.943963
4802,358627.653396
4803,727951.240533
4804,441533.817559
4805,581417.559436
4806,154682.847099
4807,403636.168112
4808,836006.050901
4809,1216944.0470729999
4810,503765.586541
4811,441582.081105
4812,745470.403619
4813,239165.806662
4814,639325.881598
4815,256137.039762
4816,1063732.87138
4817,832560.189259
4818,556021.326997
4819,675342.6944
4820,369998.77095100004
4821,488370.645031
4822,119037.04416500001
4823,861489.583093
4824,732048.442489
4825,313523.051817
4826,256392.825236
4827,596948.124591
4828,1088261.03324
4829,965351.4115459999
4830,692456.514296
4831,719192.314483
4832,627822.039794
4833,918120.6314959999
4834,721135.822069
4835,277334.983677
4836,459436.403371
4837,801024.333763
4838,1216607.964249
4839,555791.820421
4840,537710.676968
4841,354034.1353260001
4842,352942.856533
4843,390324.7191
4844,358990.977614
4845,762293.022733
4846,274170.730928
4847,1170718.0421469999
4848,558973.885687
4849,294468.613342
4850,315138.309875
4851,293205.009932
4852,369220.530041
4853,742204.594205
4854,544874.838337
4855,486616.886325
4856,706866.299003
4857,545042.985858
4858,518389.33888999996
4859,608959.603692
4860,855057.577966
4861,357446.71952
4862,978808.975193
4863,356218.4214179999
4864,542241.77879
4865,459234.27242
4866,334083.032708
4867,427071.309744
4868,571397.6230850001
4869,254994.65720100002
4870,229299.36076399998
4871,368757.28622
4872,179434.405077
4873,683700.853592
4874,793433.901174
4875,472551.68503900006
4876,427663.264802
4877,948650.6017120001
4878,471627.76849499997
4879,489832.789375
4880,359280.177311
4881,378128.35589
4882,623646.082484
4883,737558.030882
4884,526240.0632399999
4885,307621.871327
4886,581526.269688
4887,306129.69366399996
4888,472310.661289
4889,250275.91418899997
4890,335457.440208
4891,686566.333449
4892,710165.630022
4893,301171.762927
4894,835085.005505
4895,613679.5602569999
4896,808018.5345640002
4897,379211.494484
4898,617412.58348
4899,513110.96881800005
4900,427690.690009
4901,684601.396808
4902,380669.46245
4903,457078.030666
4904,479860.44493100006
4905,862802.951168
4906,882148.5116040001
4907,380022.824239
4908,670973.971172
4909,754243.3497199998
4910,270192.839513
4911,260398.105996
4912,593154.752354
4913,291270.18329899997
4914,405112.68673899997
4915,1044817.3585399999
4916,782677.1299920002
4917,572248.605394
4918,306696.34012300003
4919,332803.887648
4920,650026.281751
4921,1582509.599371
4922,303375.265065
4923,344734.080861
4924,925469.7986270001
4925,670327.3665359999
4926,235394.658558
4927,284522.84269200003
4928,493133.52573900006
4929,1066489.161501
4930,688371.43384
4931,664706.9179369999
4932,788231.0622899998
4933,457487.986829
4934,994657.0124680001
4935,531356.059453
4936,222901.97962199998
4937,538436.139327
4938,715786.920514
4939,559125.299464
4940,1524565.570544
4941,816375.169928
4942,552849.2737489999
4943,300524.135875
4944,594123.5998869999
4945,443717.25236800004
4946,256462.48596100003
4947,638526.850158
4948,454994.607601
4949,497616.501207
4950,343853.395671
4951,1072451.2607149999
4952,493598.075698
4953,377922.639062
4954,606482.162152
4955,270400.29786
4956,492828.97775699996
4957,352572.204838
4958,761112.635855
4959,353415.243323
4960,549997.21437
4961,535353.605917
4962,557377.465107
4963,491127.38253999996
4964,259768.45474699998
4965,568674.98243
4966,845716.54525
4967,810778.1020399998
4968,469014.06971199997
4969,655940.173925
4970,642552.543492
4971,523916.31067299994
4972,640307.629644
4973,201073.691824
4974,1062186.383505
4975,506072.359305
4976,521827.98128199996
4977,631522.8978149999
4978,683206.697825
4979,509864.429338
4980,384817.44223600003
4981,842425.310936
4982,193721.694726
4983,339057.943247
4984,433386.10078800004
4985,436423.410229
4986,578288.6413560001
4987,225247.15146199998
4988,599032.401563
4989,1894627.8949060002
4990,1125836.158206
4991,287575.501727
4992,405265.353773
4993,232083.962563
4994,846134.595276
4995,415017.377205
4996,556674.10917
4997,204685.95010999998
4998,546541.416987
4999,1120019.320728
5000,222129.702013
